source_url,target_url,status,anchor,location,cause,suggested_target,action
https://www.tsurilogue.com/ja/media,https://www.tsurilogue.com/en/media,404,EN,header,BROKEN_INTERNAL_LINK,https://www.tsurilogue.com/en,UPDATE_INTERNAL_LINK
https://www.tsurilogue.com/ja/media,https://www.tsurilogue.com/en/media,404,EN,other,BROKEN_INTERNAL_LINK,https://www.tsurilogue.com/en,UPDATE_INTERNAL_LINK
https://www.tsurilogue.com/ja/media?page=2,https://www.tsurilogue.com/en/media,404,EN,header,BROKEN_INTERNAL_LINK,https://www.tsurilogue.com/en,UPDATE_INTERNAL_LINK
https://www.tsurilogue.com/ja/media?page=2,https://www.tsurilogue.com/en/media,404,EN,other,BROKEN_INTERNAL_LINK,https://www.tsurilogue.com/en,UPDATE_INTERNAL_LINK
https://www.tsurilogue.com/ja/media,https://www.tsurilogue.com/en/media,404,EN,header,BROKEN_INTERNAL_LINK,https://www.tsurilogue.com/en,UPDATE_INTERNAL_LINK
https://www.tsurilogue.com/ja/media,https://www.tsurilogue.com/en/media,404,EN,other,BROKEN_INTERNAL_LINK,https://www.tsurilogue.com/en,UPDATE_INTERNAL_LINK
https://www.tsurilogue.com/ja/media/how-to-start-tsurilogue-first-post,https://www.tsurilogue.com/en/media/how-to-start-tsurilogue-first-post,404,EN,header,BROKEN_INTERNAL_LINK,https://www.tsurilogue.com/en,UPDATE_INTERNAL_LINK
https://www.tsurilogue.com/ja/media/how-to-start-tsurilogue-first-post,https://www.tsurilogue.com/en/media/how-to-start-tsurilogue-first-post,404,EN,other,BROKEN_INTERNAL_LINK,https://www.tsurilogue.com/en,UPDATE_INTERNAL_LINK
https://www.tsurilogue.com/ja/media/online-fishing-tournament-rules,https://www.tsurilogue.com/en/media/online-fishing-tournament-rules,404,EN,header,BROKEN_INTERNAL_LINK,https://www.tsurilogue.com/en,UPDATE_INTERNAL_LINK
https://www.tsurilogue.com/ja/media/online-fishing-tournament-rules,https://www.tsurilogue.com/en/media/online-fishing-tournament-rules,404,EN,other,BROKEN_INTERNAL_LINK,https://www.tsurilogue.com/en,UPDATE_INTERNAL_LINK
https://www.tsurilogue.com/ja/media/fishing-tournament-app-benefits,https://www.tsurilogue.com/en/media/fishing-tournament-app-benefits,404,EN,header,BROKEN_INTERNAL_LINK,https://www.tsurilogue.com/en,UPDATE_INTERNAL_LINK
https://www.tsurilogue.com/ja/media/fishing-tournament-app-benefits,https://www.tsurilogue.com/en/media/fishing-tournament-app-benefits,404,EN,other,BROKEN_INTERNAL_LINK,https://www.tsurilogue.com/en,UPDATE_INTERNAL_LINK
https://www.tsurilogue.com/ja/media/manage-catches-with-fishing-friends,https://www.tsurilogue.com/en/media/manage-catches-with-fishing-friends,404,EN,header,BROKEN_INTERNAL_LINK,https://www.tsurilogue.com/en,UPDATE_INTERNAL_LINK
https://www.tsurilogue.com/ja/media/manage-catches-with-fishing-friends,https://www.tsurilogue.com/en/media/manage-catches-with-fishing-friends,404,EN,other,BROKEN_INTERNAL_LINK,https://www.tsurilogue.com/en,UPDATE_INTERNAL_LINK
https://www.tsurilogue.com/ja/media/catch-sharing-app-line-sns-difference,https://www.tsurilogue.com/en/media/catch-sharing-app-line-sns-difference,404,EN,header,BROKEN_INTERNAL_LINK,https://www.tsurilogue.com/en,UPDATE_INTERNAL_LINK
https://www.tsurilogue.com/ja/media/catch-sharing-app-line-sns-difference,https://www.tsurilogue.com/en/media/catch-sharing-app-line-sns-difference,404,EN,other,BROKEN_INTERNAL_LINK,https://www.tsurilogue.com/en,UPDATE_INTERNAL_LINK
https://www.tsurilogue.com/ja/media/catch-log-app-comparison,https://www.tsurilogue.com/en/media/catch-log-app-comparison,404,EN,header,BROKEN_INTERNAL_LINK,https://www.tsurilogue.com/en,UPDATE_INTERNAL_LINK
https://www.tsurilogue.com/ja/media/catch-log-app-comparison,https://www.tsurilogue.com/en/media/catch-log-app-comparison,404,EN,other,BROKEN_INTERNAL_LINK,https://www.tsurilogue.com/en,UPDATE_INTERNAL_LINK
https://www.tsurilogue.com/ja/media/save-fishing-log-before-sns-post,https://www.tsurilogue.com/en/media/save-fishing-log-before-sns-post,404,EN,header,BROKEN_INTERNAL_LINK,https://www.tsurilogue.com/en,UPDATE_INTERNAL_LINK
https://www.tsurilogue.com/ja/media/save-fishing-log-before-sns-post,https://www.tsurilogue.com/en/media/save-fishing-log-before-sns-post,404,EN,other,BROKEN_INTERNAL_LINK,https://www.tsurilogue.com/en,UPDATE_INTERNAL_LINK
https://www.tsurilogue.com/ja/media/fishing-trip-memo-smartphone,https://www.tsurilogue.com/en/media/fishing-trip-memo-smartphone,404,EN,header,BROKEN_INTERNAL_LINK,https://www.tsurilogue.com/en,UPDATE_INTERNAL_LINK
https://www.tsurilogue.com/ja/media/fishing-trip-memo-smartphone,https://www.tsurilogue.com/en/media/fishing-trip-memo-smartphone,404,EN,other,BROKEN_INTERNAL_LINK,https://www.tsurilogue.com/en,UPDATE_INTERNAL_LINK
https://www.tsurilogue.com/ja/media/fishing-diary-vs-catch-record,https://www.tsurilogue.com/en/media/fishing-diary-vs-catch-record,404,EN,header,BROKEN_INTERNAL_LINK,https://www.tsurilogue.com/en,UPDATE_INTERNAL_LINK
https://www.tsurilogue.com/ja/media/fishing-diary-vs-catch-record,https://www.tsurilogue.com/en/media/fishing-diary-vs-catch-record,404,EN,other,BROKEN_INTERNAL_LINK,https://www.tsurilogue.com/en,UPDATE_INTERNAL_LINK
https://www.tsurilogue.com/ja/media/free-catch-record-app-tsurilogue,https://www.tsurilogue.com/en/media/free-catch-record-app-tsurilogue,404,EN,header,BROKEN_INTERNAL_LINK,https://www.tsurilogue.com/en,UPDATE_INTERNAL_LINK
https://www.tsurilogue.com/ja/media/free-catch-record-app-tsurilogue,https://www.tsurilogue.com/en/media/free-catch-record-app-tsurilogue,404,EN,other,BROKEN_INTERNAL_LINK,https://www.tsurilogue.com/en,UPDATE_INTERNAL_LINK
https://www.tsurilogue.com/ja/media/how-to-choose-catch-record-app,https://www.tsurilogue.com/en/media/how-to-choose-catch-record-app,404,EN,header,BROKEN_INTERNAL_LINK,https://www.tsurilogue.com/en,UPDATE_INTERNAL_LINK
https://www.tsurilogue.com/ja/media/how-to-choose-catch-record-app,https://www.tsurilogue.com/en/media/how-to-choose-catch-record-app,404,EN,other,BROKEN_INTERNAL_LINK,https://www.tsurilogue.com/en,UPDATE_INTERNAL_LINK
https://www.tsurilogue.com/ja/media/enjoy-fishing-with-tsurilogue,https://www.tsurilogue.com/en/media/enjoy-fishing-with-tsurilogue,404,EN,header,BROKEN_INTERNAL_LINK,https://www.tsurilogue.com/en,UPDATE_INTERNAL_LINK
https://www.tsurilogue.com/ja/media/enjoy-fishing-with-tsurilogue,https://www.tsurilogue.com/en/media/enjoy-fishing-with-tsurilogue,404,EN,other,BROKEN_INTERNAL_LINK,https://www.tsurilogue.com/en,UPDATE_INTERNAL_LINK
https://www.tsurilogue.com/ja/media/fishing-shop-catch-post-event,https://www.tsurilogue.com/en/media/fishing-shop-catch-post-event,404,EN,header,BROKEN_INTERNAL_LINK,https://www.tsurilogue.com/en,UPDATE_INTERNAL_LINK
https://www.tsurilogue.com/ja/media/fishing-shop-catch-post-event,https://www.tsurilogue.com/en/media/fishing-shop-catch-post-event,404,EN,other,BROKEN_INTERNAL_LINK,https://www.tsurilogue.com/en,UPDATE_INTERNAL_LINK
https://www.tsurilogue.com/ja/media/charter-boat-catch-log,https://www.tsurilogue.com/en/media/charter-boat-catch-log,404,EN,header,BROKEN_INTERNAL_LINK,https://www.tsurilogue.com/en,UPDATE_INTERNAL_LINK
https://www.tsurilogue.com/ja/media/charter-boat-catch-log,https://www.tsurilogue.com/en/media/charter-boat-catch-log,404,EN,other,BROKEN_INTERNAL_LINK,https://www.tsurilogue.com/en,UPDATE_INTERNAL_LINK
https://www.tsurilogue.com/ja/media/fishing-team-activity-log,https://www.tsurilogue.com/en/media/fishing-team-activity-log,404,EN,header,BROKEN_INTERNAL_LINK,https://www.tsurilogue.com/en,UPDATE_INTERNAL_LINK
https://www.tsurilogue.com/ja/media/fishing-team-activity-log,https://www.tsurilogue.com/en/media/fishing-team-activity-log,404,EN,other,BROKEN_INTERNAL_LINK,https://www.tsurilogue.com/en,UPDATE_INTERNAL_LINK
https://www.tsurilogue.com/ja/media/fishing-tournament-results-announcement,https://www.tsurilogue.com/en/media/fishing-tournament-results-announcement,404,EN,header,BROKEN_INTERNAL_LINK,https://www.tsurilogue.com/en,UPDATE_INTERNAL_LINK
https://www.tsurilogue.com/ja/media/fishing-tournament-results-announcement,https://www.tsurilogue.com/en/media/fishing-tournament-results-announcement,404,EN,other,BROKEN_INTERNAL_LINK,https://www.tsurilogue.com/en,UPDATE_INTERNAL_LINK
https://www.tsurilogue.com/ja/media/beginner-friendly-fishing-tournament,https://www.tsurilogue.com/en/media/beginner-friendly-fishing-tournament,404,EN,header,BROKEN_INTERNAL_LINK,https://www.tsurilogue.com/en,UPDATE_INTERNAL_LINK
https://www.tsurilogue.com/ja/media/beginner-friendly-fishing-tournament,https://www.tsurilogue.com/en/media/beginner-friendly-fishing-tournament,404,EN,other,BROKEN_INTERNAL_LINK,https://www.tsurilogue.com/en,UPDATE_INTERNAL_LINK
https://www.tsurilogue.com/ja/media/catch-ranking-ideas,https://www.tsurilogue.com/en/media/catch-ranking-ideas,404,EN,header,BROKEN_INTERNAL_LINK,https://www.tsurilogue.com/en,UPDATE_INTERNAL_LINK
https://www.tsurilogue.com/ja/media/catch-ranking-ideas,https://www.tsurilogue.com/en/media/catch-ranking-ideas,404,EN,other,BROKEN_INTERNAL_LINK,https://www.tsurilogue.com/en,UPDATE_INTERNAL_LINK
https://www.tsurilogue.com/ja/media/share-your-catch-with-friends,https://www.tsurilogue.com/en/media/share-your-catch-with-friends,404,EN,header,BROKEN_INTERNAL_LINK,https://www.tsurilogue.com/en,UPDATE_INTERNAL_LINK
https://www.tsurilogue.com/ja/media/share-your-catch-with-friends,https://www.tsurilogue.com/en/media/share-your-catch-with-friends,404,EN,other,BROKEN_INTERNAL_LINK,https://www.tsurilogue.com/en,UPDATE_INTERNAL_LINK
https://www.tsurilogue.com/ja/media/make-fishing-log-a-habit,https://www.tsurilogue.com/en/media/make-fishing-log-a-habit,404,EN,header,BROKEN_INTERNAL_LINK,https://www.tsurilogue.com/en,UPDATE_INTERNAL_LINK
https://www.tsurilogue.com/ja/media/make-fishing-log-a-habit,https://www.tsurilogue.com/en/media/make-fishing-log-a-habit,404,EN,other,BROKEN_INTERNAL_LINK,https://www.tsurilogue.com/en,UPDATE_INTERNAL_LINK
https://www.tsurilogue.com/ja/media/review-catch-records-tsurilogue,https://www.tsurilogue.com/en/media/review-catch-records-tsurilogue,404,EN,header,BROKEN_INTERNAL_LINK,https://www.tsurilogue.com/en,UPDATE_INTERNAL_LINK
https://www.tsurilogue.com/ja/media/review-catch-records-tsurilogue,https://www.tsurilogue.com/en/media/review-catch-records-tsurilogue,404,EN,other,BROKEN_INTERNAL_LINK,https://www.tsurilogue.com/en,UPDATE_INTERNAL_LINK
https://www.tsurilogue.com/ja/media/fishing-log-checklist,https://www.tsurilogue.com/en/media/fishing-log-checklist,404,EN,header,BROKEN_INTERNAL_LINK,https://www.tsurilogue.com/en,UPDATE_INTERNAL_LINK
https://www.tsurilogue.com/ja/media/fishing-log-checklist,https://www.tsurilogue.com/en/media/fishing-log-checklist,404,EN,other,BROKEN_INTERNAL_LINK,https://www.tsurilogue.com/en,UPDATE_INTERNAL_LINK
https://www.tsurilogue.com/ja/media/fishing-blank-day-log-tsurilogue,https://www.tsurilogue.com/en/media/fishing-blank-day-log-tsurilogue,404,EN,header,BROKEN_INTERNAL_LINK,https://www.tsurilogue.com/en,UPDATE_INTERNAL_LINK
https://www.tsurilogue.com/ja/media/fishing-blank-day-log-tsurilogue,https://www.tsurilogue.com/en/media/fishing-blank-day-log-tsurilogue,404,EN,other,BROKEN_INTERNAL_LINK,https://www.tsurilogue.com/en,UPDATE_INTERNAL_LINK
https://www.tsurilogue.com/ja/media/fishing-catch-photo-tips,https://www.tsurilogue.com/en/media/fishing-catch-photo-tips,404,EN,header,BROKEN_INTERNAL_LINK,https://www.tsurilogue.com/en,UPDATE_INTERNAL_LINK
https://www.tsurilogue.com/ja/media/fishing-catch-photo-tips,https://www.tsurilogue.com/en/media/fishing-catch-photo-tips,404,EN,other,BROKEN_INTERNAL_LINK,https://www.tsurilogue.com/en,UPDATE_INTERNAL_LINK
https://www.tsurilogue.com/ja/media/catch-ranking-tsurilogue,https://www.tsurilogue.com/en/media/catch-ranking-tsurilogue,404,EN,header,BROKEN_INTERNAL_LINK,https://www.tsurilogue.com/en,UPDATE_INTERNAL_LINK
https://www.tsurilogue.com/ja/media/catch-ranking-tsurilogue,https://www.tsurilogue.com/en/media/catch-ranking-tsurilogue,404,EN,other,BROKEN_INTERNAL_LINK,https://www.tsurilogue.com/en,UPDATE_INTERNAL_LINK
https://www.tsurilogue.com/ja/media/online-fishing-tournament-tsurilogue,https://www.tsurilogue.com/en/media/online-fishing-tournament-tsurilogue,404,EN,header,BROKEN_INTERNAL_LINK,https://www.tsurilogue.com/en,UPDATE_INTERNAL_LINK
https://www.tsurilogue.com/ja/media/online-fishing-tournament-tsurilogue,https://www.tsurilogue.com/en/media/online-fishing-tournament-tsurilogue,404,EN,other,BROKEN_INTERNAL_LINK,https://www.tsurilogue.com/en,UPDATE_INTERNAL_LINK
https://www.tsurilogue.com/ja/media/fishing-tournament-rules-checklist,https://www.tsurilogue.com/en/media/fishing-tournament-rules-checklist,404,EN,header,BROKEN_INTERNAL_LINK,https://www.tsurilogue.com/en,UPDATE_INTERNAL_LINK
https://www.tsurilogue.com/ja/media/fishing-tournament-rules-checklist,https://www.tsurilogue.com/en/media/fishing-tournament-rules-checklist,404,EN,other,BROKEN_INTERNAL_LINK,https://www.tsurilogue.com/en,UPDATE_INTERNAL_LINK
https://www.tsurilogue.com/ja/media/turn-fishing-log-into-tournament,https://www.tsurilogue.com/en/media/turn-fishing-log-into-tournament,404,EN,header,BROKEN_INTERNAL_LINK,https://www.tsurilogue.com/en,UPDATE_INTERNAL_LINK
https://www.tsurilogue.com/ja/media/turn-fishing-log-into-tournament,https://www.tsurilogue.com/en/media/turn-fishing-log-into-tournament,404,EN,other,BROKEN_INTERNAL_LINK,https://www.tsurilogue.com/en,UPDATE_INTERNAL_LINK
https://www.tsurilogue.com/ja/media/how-to-continue-fishing-log,https://www.tsurilogue.com/en/media/how-to-continue-fishing-log,404,EN,header,BROKEN_INTERNAL_LINK,https://www.tsurilogue.com/en,UPDATE_INTERNAL_LINK
https://www.tsurilogue.com/ja/media/how-to-continue-fishing-log,https://www.tsurilogue.com/en/media/how-to-continue-fishing-log,404,EN,other,BROKEN_INTERNAL_LINK,https://www.tsurilogue.com/en,UPDATE_INTERNAL_LINK
https://www.tsurilogue.com/ja/media/kiroku-kyouyu,https://www.tsurilogue.com/en/media/kiroku-kyouyu,404,EN,header,BROKEN_INTERNAL_LINK,https://www.tsurilogue.com/en,UPDATE_INTERNAL_LINK
https://www.tsurilogue.com/ja/media/kiroku-kyouyu,https://www.tsurilogue.com/en/media/kiroku-kyouyu,404,EN,other,BROKEN_INTERNAL_LINK,https://www.tsurilogue.com/en,UPDATE_INTERNAL_LINK
https://www.tsurilogue.com/ja/media/catch-record-app-tsurilogue,https://www.tsurilogue.com/en/media/catch-record-app-tsurilogue,404,EN,header,BROKEN_INTERNAL_LINK,https://www.tsurilogue.com/en,UPDATE_INTERNAL_LINK
https://www.tsurilogue.com/ja/media/catch-record-app-tsurilogue,https://www.tsurilogue.com/en/media/catch-record-app-tsurilogue,404,EN,other,BROKEN_INTERNAL_LINK,https://www.tsurilogue.com/en,UPDATE_INTERNAL_LINK
https://www.tsurilogue.com/ja/media/how-to-start-tsurilogue,https://www.tsurilogue.com/en/media/how-to-start-tsurilogue,404,EN,header,BROKEN_INTERNAL_LINK,https://www.tsurilogue.com/en,UPDATE_INTERNAL_LINK
https://www.tsurilogue.com/ja/media/how-to-start-tsurilogue,https://www.tsurilogue.com/en/media/how-to-start-tsurilogue,404,EN,other,BROKEN_INTERNAL_LINK,https://www.tsurilogue.com/en,UPDATE_INTERNAL_LINK
https://www.tsurilogue.com/ja/media/fishing-shop-tournament-tsurilogue,https://www.tsurilogue.com/en/media/fishing-shop-tournament-tsurilogue,404,EN,header,BROKEN_INTERNAL_LINK,https://www.tsurilogue.com/en,UPDATE_INTERNAL_LINK
https://www.tsurilogue.com/ja/media/fishing-shop-tournament-tsurilogue,https://www.tsurilogue.com/en/media/fishing-shop-tournament-tsurilogue,404,EN,other,BROKEN_INTERNAL_LINK,https://www.tsurilogue.com/en,UPDATE_INTERNAL_LINK
https://www.tsurilogue.com/ja/media/charter-boat-catch-report-tsurilogue,https://www.tsurilogue.com/en/media/charter-boat-catch-report-tsurilogue,404,EN,header,BROKEN_INTERNAL_LINK,https://www.tsurilogue.com/en,UPDATE_INTERNAL_LINK
https://www.tsurilogue.com/ja/media/charter-boat-catch-report-tsurilogue,https://www.tsurilogue.com/en/media/charter-boat-catch-report-tsurilogue,404,EN,other,BROKEN_INTERNAL_LINK,https://www.tsurilogue.com/en,UPDATE_INTERNAL_LINK
https://www.tsurilogue.com/ja/media/fishing-tournament-organizer-tsurilogue,https://www.tsurilogue.com/en/media/fishing-tournament-organizer-tsurilogue,404,EN,header,BROKEN_INTERNAL_LINK,https://www.tsurilogue.com/en,UPDATE_INTERNAL_LINK
https://www.tsurilogue.com/ja/media/fishing-tournament-organizer-tsurilogue,https://www.tsurilogue.com/en/media/fishing-tournament-organizer-tsurilogue,404,EN,other,BROKEN_INTERNAL_LINK,https://www.tsurilogue.com/en,UPDATE_INTERNAL_LINK
https://www.tsurilogue.com/ja/media/fishing-team-circle-tsurilogue,https://www.tsurilogue.com/en/media/fishing-team-circle-tsurilogue,404,EN,header,BROKEN_INTERNAL_LINK,https://www.tsurilogue.com/en,UPDATE_INTERNAL_LINK
https://www.tsurilogue.com/ja/media/fishing-team-circle-tsurilogue,https://www.tsurilogue.com/en/media/fishing-team-circle-tsurilogue,404,EN,other,BROKEN_INTERNAL_LINK,https://www.tsurilogue.com/en,UPDATE_INTERNAL_LINK
https://www.tsurilogue.com/ja/media/share-catches-with-fishing-friends-tsurilogue,https://www.tsurilogue.com/en/media/share-catches-with-fishing-friends-tsurilogue,404,EN,header,BROKEN_INTERNAL_LINK,https://www.tsurilogue.com/en,UPDATE_INTERNAL_LINK
https://www.tsurilogue.com/ja/media/share-catches-with-fishing-friends-tsurilogue,https://www.tsurilogue.com/en/media/share-catches-with-fishing-friends-tsurilogue,404,EN,other,BROKEN_INTERNAL_LINK,https://www.tsurilogue.com/en,UPDATE_INTERNAL_LINK
https://www.tsurilogue.com/ja/media/private-fishing-tournament-tsurilogue,https://www.tsurilogue.com/en/media/private-fishing-tournament-tsurilogue,404,EN,header,BROKEN_INTERNAL_LINK,https://www.tsurilogue.com/en,UPDATE_INTERNAL_LINK
https://www.tsurilogue.com/ja/media/private-fishing-tournament-tsurilogue,https://www.tsurilogue.com/en/media/private-fishing-tournament-tsurilogue,404,EN,other,BROKEN_INTERNAL_LINK,https://www.tsurilogue.com/en,UPDATE_INTERNAL_LINK
https://www.tsurilogue.com/ja/media/what-you-can-do-with-tsurilogue,https://www.tsurilogue.com/en/media/what-you-can-do-with-tsurilogue,404,EN,header,BROKEN_INTERNAL_LINK,https://www.tsurilogue.com/en,UPDATE_INTERNAL_LINK
https://www.tsurilogue.com/ja/media/what-you-can-do-with-tsurilogue,https://www.tsurilogue.com/en/media/what-you-can-do-with-tsurilogue,404,EN,other,BROKEN_INTERNAL_LINK,https://www.tsurilogue.com/en,UPDATE_INTERNAL_LINK
https://www.tsurilogue.com/ja/media/fishing-log-app,https://www.tsurilogue.com/en/media/fishing-log-app,404,EN,header,BROKEN_INTERNAL_LINK,https://www.tsurilogue.com/en,UPDATE_INTERNAL_LINK
https://www.tsurilogue.com/ja/media/fishing-log-app,https://www.tsurilogue.com/en/media/fishing-log-app,404,EN,other,BROKEN_INTERNAL_LINK,https://www.tsurilogue.com/en,UPDATE_INTERNAL_LINK
https://www.tsurilogue.com/ja/media/what-is-fishing-log,https://www.tsurilogue.com/en/media/what-is-fishing-log,404,EN,header,BROKEN_INTERNAL_LINK,https://www.tsurilogue.com/en,UPDATE_INTERNAL_LINK
https://www.tsurilogue.com/ja/media/what-is-fishing-log,https://www.tsurilogue.com/en/media/what-is-fishing-log,404,EN,other,BROKEN_INTERNAL_LINK,https://www.tsurilogue.com/en,UPDATE_INTERNAL_LINK
https://www.tsurilogue.com/ja/media/what-is-catch-log,https://www.tsurilogue.com/en/media/what-is-catch-log,404,EN,header,BROKEN_INTERNAL_LINK,https://www.tsurilogue.com/en,UPDATE_INTERNAL_LINK
https://www.tsurilogue.com/ja/media/what-is-catch-log,https://www.tsurilogue.com/en/media/what-is-catch-log,404,EN,other,BROKEN_INTERNAL_LINK,https://www.tsurilogue.com/en,UPDATE_INTERNAL_LINK
https://www.tsurilogue.com/ja/media/fishing-blank-log,https://www.tsurilogue.com/en/media/fishing-blank-log,404,EN,header,BROKEN_INTERNAL_LINK,https://www.tsurilogue.com/en,UPDATE_INTERNAL_LINK
https://www.tsurilogue.com/ja/media/fishing-blank-log,https://www.tsurilogue.com/en/media/fishing-blank-log,404,EN,other,BROKEN_INTERNAL_LINK,https://www.tsurilogue.com/en,UPDATE_INTERNAL_LINK
https://www.tsurilogue.com/ja/media/record-caught-fish,https://www.tsurilogue.com/en/media/record-caught-fish,404,EN,header,BROKEN_INTERNAL_LINK,https://www.tsurilogue.com/en,UPDATE_INTERNAL_LINK
https://www.tsurilogue.com/ja/media/record-caught-fish,https://www.tsurilogue.com/en/media/record-caught-fish,404,EN,other,BROKEN_INTERNAL_LINK,https://www.tsurilogue.com/en,UPDATE_INTERNAL_LINK
https://www.tsurilogue.com/ja/media/fishing-catch-memo-smartphone,https://www.tsurilogue.com/en/media/fishing-catch-memo-smartphone,404,EN,header,BROKEN_INTERNAL_LINK,https://www.tsurilogue.com/en,UPDATE_INTERNAL_LINK
https://www.tsurilogue.com/ja/media/fishing-catch-memo-smartphone,https://www.tsurilogue.com/en/media/fishing-catch-memo-smartphone,404,EN,other,BROKEN_INTERNAL_LINK,https://www.tsurilogue.com/en,UPDATE_INTERNAL_LINK
https://www.tsurilogue.com/ja/media/organize-fishing-photos,https://www.tsurilogue.com/en/media/organize-fishing-photos,404,EN,header,BROKEN_INTERNAL_LINK,https://www.tsurilogue.com/en,UPDATE_INTERNAL_LINK
https://www.tsurilogue.com/ja/media/organize-fishing-photos,https://www.tsurilogue.com/en/media/organize-fishing-photos,404,EN,other,BROKEN_INTERNAL_LINK,https://www.tsurilogue.com/en,UPDATE_INTERNAL_LINK
https://www.tsurilogue.com/ja/media/catch-log-items,https://www.tsurilogue.com/en/media/catch-log-items,404,EN,header,BROKEN_INTERNAL_LINK,https://www.tsurilogue.com/en,UPDATE_INTERNAL_LINK
https://www.tsurilogue.com/ja/media/catch-log-items,https://www.tsurilogue.com/en/media/catch-log-items,404,EN,other,BROKEN_INTERNAL_LINK,https://www.tsurilogue.com/en,UPDATE_INTERNAL_LINK
https://www.tsurilogue.com/ja/media/benefits-of-catch-log,https://www.tsurilogue.com/en/media/benefits-of-catch-log,404,EN,header,BROKEN_INTERNAL_LINK,https://www.tsurilogue.com/en,UPDATE_INTERNAL_LINK
https://www.tsurilogue.com/ja/media/benefits-of-catch-log,https://www.tsurilogue.com/en/media/benefits-of-catch-log,404,EN,other,BROKEN_INTERNAL_LINK,https://www.tsurilogue.com/en,UPDATE_INTERNAL_LINK
https://www.tsurilogue.com/ja/media/fishing-log-app-items,https://www.tsurilogue.com/en/media/fishing-log-app-items,404,EN,header,BROKEN_INTERNAL_LINK,https://www.tsurilogue.com/en,UPDATE_INTERNAL_LINK
https://www.tsurilogue.com/ja/media/fishing-log-app-items,https://www.tsurilogue.com/en/media/fishing-log-app-items,404,EN,other,BROKEN_INTERNAL_LINK,https://www.tsurilogue.com/en,UPDATE_INTERNAL_LINK
https://www.tsurilogue.com/ja/media/how-to-write-fishing-diary,https://www.tsurilogue.com/en/media/how-to-write-fishing-diary,404,EN,header,BROKEN_INTERNAL_LINK,https://www.tsurilogue.com/en,UPDATE_INTERNAL_LINK
https://www.tsurilogue.com/ja/media/how-to-write-fishing-diary,https://www.tsurilogue.com/en/media/how-to-write-fishing-diary,404,EN,other,BROKEN_INTERNAL_LINK,https://www.tsurilogue.com/en,UPDATE_INTERNAL_LINK
https://www.tsurilogue.com/ja/media/fishing-diary-app,https://www.tsurilogue.com/en/media/fishing-diary-app,404,EN,header,BROKEN_INTERNAL_LINK,https://www.tsurilogue.com/en,UPDATE_INTERNAL_LINK
https://www.tsurilogue.com/ja/media/fishing-diary-app,https://www.tsurilogue.com/en/media/fishing-diary-app,404,EN,other,BROKEN_INTERNAL_LINK,https://www.tsurilogue.com/en,UPDATE_INTERNAL_LINK
https://www.tsurilogue.com/ja/media/group-catch-management,https://www.tsurilogue.com/en/media/group-catch-management,404,EN,header,BROKEN_INTERNAL_LINK,https://www.tsurilogue.com/en,UPDATE_INTERNAL_LINK
https://www.tsurilogue.com/ja/media/group-catch-management,https://www.tsurilogue.com/en/media/group-catch-management,404,EN,other,BROKEN_INTERNAL_LINK,https://www.tsurilogue.com/en,UPDATE_INTERNAL_LINK
https://www.tsurilogue.com/ja/media/share-catch-with-fishing-friends,https://www.tsurilogue.com/en/media/share-catch-with-fishing-friends,404,EN,header,BROKEN_INTERNAL_LINK,https://www.tsurilogue.com/en,UPDATE_INTERNAL_LINK
https://www.tsurilogue.com/ja/media/share-catch-with-fishing-friends,https://www.tsurilogue.com/en/media/share-catch-with-fishing-friends,404,EN,other,BROKEN_INTERNAL_LINK,https://www.tsurilogue.com/en,UPDATE_INTERNAL_LINK
https://www.tsurilogue.com/ja/media/line-catch-sharing,https://www.tsurilogue.com/en/media/line-catch-sharing,404,EN,header,BROKEN_INTERNAL_LINK,https://www.tsurilogue.com/en,UPDATE_INTERNAL_LINK
https://www.tsurilogue.com/ja/media/line-catch-sharing,https://www.tsurilogue.com/en/media/line-catch-sharing,404,EN,other,BROKEN_INTERNAL_LINK,https://www.tsurilogue.com/en,UPDATE_INTERNAL_LINK
https://www.tsurilogue.com/ja/media/fishing-sns-vs-catch-log-app,https://www.tsurilogue.com/en/media/fishing-sns-vs-catch-log-app,404,EN,header,BROKEN_INTERNAL_LINK,https://www.tsurilogue.com/en,UPDATE_INTERNAL_LINK
https://www.tsurilogue.com/ja/media/fishing-sns-vs-catch-log-app,https://www.tsurilogue.com/en/media/fishing-sns-vs-catch-log-app,404,EN,other,BROKEN_INTERNAL_LINK,https://www.tsurilogue.com/en,UPDATE_INTERNAL_LINK
https://www.tsurilogue.com/ja/media/catch-sharing-app,https://www.tsurilogue.com/en/media/catch-sharing-app,404,EN,header,BROKEN_INTERNAL_LINK,https://www.tsurilogue.com/en,UPDATE_INTERNAL_LINK
https://www.tsurilogue.com/ja/media/catch-sharing-app,https://www.tsurilogue.com/en/media/catch-sharing-app,404,EN,other,BROKEN_INTERNAL_LINK,https://www.tsurilogue.com/en,UPDATE_INTERNAL_LINK
https://www.tsurilogue.com/ja/media/online-fishing-tournament,https://www.tsurilogue.com/en/media/online-fishing-tournament,404,EN,header,BROKEN_INTERNAL_LINK,https://www.tsurilogue.com/en,UPDATE_INTERNAL_LINK
https://www.tsurilogue.com/ja/media/online-fishing-tournament,https://www.tsurilogue.com/en/media/online-fishing-tournament,404,EN,other,BROKEN_INTERNAL_LINK,https://www.tsurilogue.com/en,UPDATE_INTERNAL_LINK
https://www.tsurilogue.com/ja/media/fishing-tournament-app,https://www.tsurilogue.com/en/media/fishing-tournament-app,404,EN,header,BROKEN_INTERNAL_LINK,https://www.tsurilogue.com/en,UPDATE_INTERNAL_LINK
https://www.tsurilogue.com/ja/media/fishing-tournament-app,https://www.tsurilogue.com/en/media/fishing-tournament-app,404,EN,other,BROKEN_INTERNAL_LINK,https://www.tsurilogue.com/en,UPDATE_INTERNAL_LINK
https://www.tsurilogue.com/ja/media/fishing-tournament-guide,https://www.tsurilogue.com/en/media/fishing-tournament-guide,404,EN,header,BROKEN_INTERNAL_LINK,https://www.tsurilogue.com/en,UPDATE_INTERNAL_LINK
https://www.tsurilogue.com/ja/media/fishing-tournament-guide,https://www.tsurilogue.com/en/media/fishing-tournament-guide,404,EN,other,BROKEN_INTERNAL_LINK,https://www.tsurilogue.com/en,UPDATE_INTERNAL_LINK
https://www.tsurilogue.com/ja/media/catch-log-template,https://www.tsurilogue.com/en/media/catch-log-template,404,EN,header,BROKEN_INTERNAL_LINK,https://www.tsurilogue.com/en,UPDATE_INTERNAL_LINK
https://www.tsurilogue.com/ja/media/catch-log-template,https://www.tsurilogue.com/en/media/catch-log-template,404,EN,other,BROKEN_INTERNAL_LINK,https://www.tsurilogue.com/en,UPDATE_INTERNAL_LINK
https://www.tsurilogue.com/ja/media/hello-tsurilogue,https://www.tsurilogue.com/en/media/hello-tsurilogue,404,EN,header,BROKEN_INTERNAL_LINK,https://www.tsurilogue.com/en,UPDATE_INTERNAL_LINK
https://www.tsurilogue.com/ja/media/hello-tsurilogue,https://www.tsurilogue.com/en/media/hello-tsurilogue,404,EN,other,BROKEN_INTERNAL_LINK,https://www.tsurilogue.com/en,UPDATE_INTERNAL_LINK
https://www.tsurilogue.com/ja/media/category/%E3%82%B3%E3%83%9F%E3%83%A5%E3%83%8B%E3%83%86%E3%82%A3,https://www.tsurilogue.com/en/media/category/%E3%82%B3%E3%83%9F%E3%83%A5%E3%83%8B%E3%83%86%E3%82%A3,404,EN,header,BROKEN_INTERNAL_LINK,https://www.tsurilogue.com/en,UPDATE_INTERNAL_LINK
https://www.tsurilogue.com/ja/media/category/%E3%82%B3%E3%83%9F%E3%83%A5%E3%83%8B%E3%83%86%E3%82%A3,https://www.tsurilogue.com/en/media/category/%E3%82%B3%E3%83%9F%E3%83%A5%E3%83%8B%E3%83%86%E3%82%A3,404,EN,category,BROKEN_INTERNAL_LINK,https://www.tsurilogue.com/en,UPDATE_INTERNAL_LINK
https://www.tsurilogue.com/ja/media/category/%E9%81%8A%E6%BC%81%E8%88%B9%E3%83%BB%E4%BA%8B%E6%A5%AD%E8%80%85%E5%90%91%E3%81%91,https://www.tsurilogue.com/en/media/category/%E9%81%8A%E6%BC%81%E8%88%B9%E3%83%BB%E4%BA%8B%E6%A5%AD%E8%80%85%E5%90%91%E3%81%91,404,EN,header,BROKEN_INTERNAL_LINK,https://www.tsurilogue.com/en,UPDATE_INTERNAL_LINK
https://www.tsurilogue.com/ja/media/category/%E9%81%8A%E6%BC%81%E8%88%B9%E3%83%BB%E4%BA%8B%E6%A5%AD%E8%80%85%E5%90%91%E3%81%91,https://www.tsurilogue.com/en/media/category/%E9%81%8A%E6%BC%81%E8%88%B9%E3%83%BB%E4%BA%8B%E6%A5%AD%E8%80%85%E5%90%91%E3%81%91,404,EN,category,BROKEN_INTERNAL_LINK,https://www.tsurilogue.com/en,UPDATE_INTERNAL_LINK
https://www.tsurilogue.com/ja/media/category/%E9%87%A3%E3%82%8A%E3%83%AD%E3%82%B0,https://www.tsurilogue.com/en/media/category/%E9%87%A3%E3%82%8A%E3%83%AD%E3%82%B0,404,EN,header,BROKEN_INTERNAL_LINK,https://www.tsurilogue.com/en,UPDATE_INTERNAL_LINK
https://www.tsurilogue.com/ja/media/category/%E9%87%A3%E3%82%8A%E3%83%AD%E3%82%B0,https://www.tsurilogue.com/en/media/category/%E9%87%A3%E3%82%8A%E3%83%AD%E3%82%B0,404,EN,category,BROKEN_INTERNAL_LINK,https://www.tsurilogue.com/en,UPDATE_INTERNAL_LINK
https://www.tsurilogue.com/ja/media/category/%E9%87%A3%E3%82%8A%E4%BB%B2%E9%96%93,https://www.tsurilogue.com/en/media/category/%E9%87%A3%E3%82%8A%E4%BB%B2%E9%96%93,404,EN,header,BROKEN_INTERNAL_LINK,https://www.tsurilogue.com/en,UPDATE_INTERNAL_LINK
https://www.tsurilogue.com/ja/media/category/%E9%87%A3%E3%82%8A%E4%BB%B2%E9%96%93,https://www.tsurilogue.com/en/media/category/%E9%87%A3%E3%82%8A%E4%BB%B2%E9%96%93,404,EN,category,BROKEN_INTERNAL_LINK,https://www.tsurilogue.com/en,UPDATE_INTERNAL_LINK
https://www.tsurilogue.com/ja/media/category/%E9%87%A3%E3%82%8A%E5%A4%A7%E4%BC%9A%E3%83%BB%E3%82%A4%E3%83%99%E3%83%B3%E3%83%88,https://www.tsurilogue.com/en/media/category/%E9%87%A3%E3%82%8A%E5%A4%A7%E4%BC%9A%E3%83%BB%E3%82%A4%E3%83%99%E3%83%B3%E3%83%88,404,EN,header,BROKEN_INTERNAL_LINK,https://www.tsurilogue.com/en,UPDATE_INTERNAL_LINK
https://www.tsurilogue.com/ja/media/category/%E9%87%A3%E3%82%8A%E5%A4%A7%E4%BC%9A%E3%83%BB%E3%82%A4%E3%83%99%E3%83%B3%E3%83%88,https://www.tsurilogue.com/en/media/category/%E9%87%A3%E3%82%8A%E5%A4%A7%E4%BC%9A%E3%83%BB%E3%82%A4%E3%83%99%E3%83%B3%E3%83%88,404,EN,category,BROKEN_INTERNAL_LINK,https://www.tsurilogue.com/en,UPDATE_INTERNAL_LINK
https://www.tsurilogue.com/ja/media/category/%E9%87%A3%E3%82%8A%E6%97%A5%E8%A8%98,https://www.tsurilogue.com/en/media/category/%E9%87%A3%E3%82%8A%E6%97%A5%E8%A8%98,404,EN,header,BROKEN_INTERNAL_LINK,https://www.tsurilogue.com/en,UPDATE_INTERNAL_LINK
https://www.tsurilogue.com/ja/media/category/%E9%87%A3%E3%82%8A%E6%97%A5%E8%A8%98,https://www.tsurilogue.com/en/media/category/%E9%87%A3%E3%82%8A%E6%97%A5%E8%A8%98,404,EN,category,BROKEN_INTERNAL_LINK,https://www.tsurilogue.com/en,UPDATE_INTERNAL_LINK
https://www.tsurilogue.com/ja/media/category/%E9%87%A3%E6%9E%9C%E5%85%B1%E6%9C%89,https://www.tsurilogue.com/en/media/category/%E9%87%A3%E6%9E%9C%E5%85%B1%E6%9C%89,404,EN,header,BROKEN_INTERNAL_LINK,https://www.tsurilogue.com/en,UPDATE_INTERNAL_LINK
https://www.tsurilogue.com/ja/media/category/%E9%87%A3%E6%9E%9C%E5%85%B1%E6%9C%89,https://www.tsurilogue.com/en/media/category/%E9%87%A3%E6%9E%9C%E5%85%B1%E6%9C%89,404,EN,category,BROKEN_INTERNAL_LINK,https://www.tsurilogue.com/en,UPDATE_INTERNAL_LINK
https://www.tsurilogue.com/ja/media/category/%E9%87%A3%E6%9E%9C%E5%85%B1%E6%9C%89?page=2,https://www.tsurilogue.com/en/media/category/%E9%87%A3%E6%9E%9C%E5%85%B1%E6%9C%89,404,EN,header,BROKEN_INTERNAL_LINK,https://www.tsurilogue.com/en,UPDATE_INTERNAL_LINK
https://www.tsurilogue.com/ja/media/category/%E9%87%A3%E6%9E%9C%E5%85%B1%E6%9C%89?page=2,https://www.tsurilogue.com/en/media/category/%E9%87%A3%E6%9E%9C%E5%85%B1%E6%9C%89,404,EN,category,BROKEN_INTERNAL_LINK,https://www.tsurilogue.com/en,UPDATE_INTERNAL_LINK
https://www.tsurilogue.com/ja/media/category/%E9%87%A3%E6%9E%9C%E5%86%99%E7%9C%9F,https://www.tsurilogue.com/en/media/category/%E9%87%A3%E6%9E%9C%E5%86%99%E7%9C%9F,404,EN,header,BROKEN_INTERNAL_LINK,https://www.tsurilogue.com/en,UPDATE_INTERNAL_LINK
https://www.tsurilogue.com/ja/media/category/%E9%87%A3%E6%9E%9C%E5%86%99%E7%9C%9F,https://www.tsurilogue.com/en/media/category/%E9%87%A3%E6%9E%9C%E5%86%99%E7%9C%9F,404,EN,category,BROKEN_INTERNAL_LINK,https://www.tsurilogue.com/en,UPDATE_INTERNAL_LINK
https://www.tsurilogue.com/ja/media/category/record,https://www.tsurilogue.com/en/media/category/record,404,EN,header,BROKEN_INTERNAL_LINK,https://www.tsurilogue.com/en,UPDATE_INTERNAL_LINK
https://www.tsurilogue.com/ja/media/category/record,https://www.tsurilogue.com/en/media/category/record,404,EN,category,BROKEN_INTERNAL_LINK,https://www.tsurilogue.com/en,UPDATE_INTERNAL_LINK
https://www.tsurilogue.com/ja/media/category/record?page=2,https://www.tsurilogue.com/en/media/category/record,404,EN,header,BROKEN_INTERNAL_LINK,https://www.tsurilogue.com/en,UPDATE_INTERNAL_LINK
https://www.tsurilogue.com/ja/media/category/record?page=2,https://www.tsurilogue.com/en/media/category/record,404,EN,category,BROKEN_INTERNAL_LINK,https://www.tsurilogue.com/en,UPDATE_INTERNAL_LINK
https://www.tsurilogue.com/ja/media/category/%E9%87%A3%E8%A1%8C%E3%83%AD%E3%82%B0,https://www.tsurilogue.com/en/media/category/%E9%87%A3%E8%A1%8C%E3%83%AD%E3%82%B0,404,EN,header,BROKEN_INTERNAL_LINK,https://www.tsurilogue.com/en,UPDATE_INTERNAL_LINK
https://www.tsurilogue.com/ja/media/category/%E9%87%A3%E8%A1%8C%E3%83%AD%E3%82%B0,https://www.tsurilogue.com/en/media/category/%E9%87%A3%E8%A1%8C%E3%83%AD%E3%82%B0,404,EN,category,BROKEN_INTERNAL_LINK,https://www.tsurilogue.com/en,UPDATE_INTERNAL_LINK
https://www.tsurilogue.com/ja/media/tag/line%E9%87%A3%E6%9E%9C%E5%85%B1%E6%9C%89,https://www.tsurilogue.com/en/media/tag/line%E9%87%A3%E6%9E%9C%E5%85%B1%E6%9C%89,404,EN,header,BROKEN_INTERNAL_LINK,https://www.tsurilogue.com/en,UPDATE_INTERNAL_LINK
https://www.tsurilogue.com/ja/media/tag/line%E9%87%A3%E6%9E%9C%E5%85%B1%E6%9C%89,https://www.tsurilogue.com/en/media/tag/line%E9%87%A3%E6%9E%9C%E5%85%B1%E6%9C%89,404,EN,other,BROKEN_INTERNAL_LINK,https://www.tsurilogue.com/en,UPDATE_INTERNAL_LINK
https://www.tsurilogue.com/ja/media/tag/sns%E9%87%A3%E6%9E%9C%E6%8A%95%E7%A8%BF,https://www.tsurilogue.com/en/media/tag/sns%E9%87%A3%E6%9E%9C%E6%8A%95%E7%A8%BF,404,EN,header,BROKEN_INTERNAL_LINK,https://www.tsurilogue.com/en,UPDATE_INTERNAL_LINK
https://www.tsurilogue.com/ja/media/tag/sns%E9%87%A3%E6%9E%9C%E6%8A%95%E7%A8%BF,https://www.tsurilogue.com/en/media/tag/sns%E9%87%A3%E6%9E%9C%E6%8A%95%E7%A8%BF,404,EN,other,BROKEN_INTERNAL_LINK,https://www.tsurilogue.com/en,UPDATE_INTERNAL_LINK
https://www.tsurilogue.com/ja/media/tag/tsurilogue,https://www.tsurilogue.com/en/media/tag/tsurilogue,404,EN,header,BROKEN_INTERNAL_LINK,https://www.tsurilogue.com/en,UPDATE_INTERNAL_LINK
https://www.tsurilogue.com/ja/media/tag/tsurilogue,https://www.tsurilogue.com/en/media/tag/tsurilogue,404,EN,other,BROKEN_INTERNAL_LINK,https://www.tsurilogue.com/en,UPDATE_INTERNAL_LINK
https://www.tsurilogue.com/ja/media/tag/tsurilogue?page=2,https://www.tsurilogue.com/en/media/tag/tsurilogue,404,EN,header,BROKEN_INTERNAL_LINK,https://www.tsurilogue.com/en,UPDATE_INTERNAL_LINK
https://www.tsurilogue.com/ja/media/tag/tsurilogue?page=2,https://www.tsurilogue.com/en/media/tag/tsurilogue,404,EN,other,BROKEN_INTERNAL_LINK,https://www.tsurilogue.com/en,UPDATE_INTERNAL_LINK
https://www.tsurilogue.com/ja/media/tag/tsurilogue%E4%BD%BF%E3%81%84%E6%96%B9,https://www.tsurilogue.com/en/media/tag/tsurilogue%E4%BD%BF%E3%81%84%E6%96%B9,404,EN,header,BROKEN_INTERNAL_LINK,https://www.tsurilogue.com/en,UPDATE_INTERNAL_LINK
https://www.tsurilogue.com/ja/media/tag/tsurilogue%E4%BD%BF%E3%81%84%E6%96%B9,https://www.tsurilogue.com/en/media/tag/tsurilogue%E4%BD%BF%E3%81%84%E6%96%B9,404,EN,other,BROKEN_INTERNAL_LINK,https://www.tsurilogue.com/en,UPDATE_INTERNAL_LINK
https://www.tsurilogue.com/ja/media/tag/%E3%82%A2%E3%83%97%E3%83%AA,https://www.tsurilogue.com/en/media/tag/%E3%82%A2%E3%83%97%E3%83%AA,404,EN,header,BROKEN_INTERNAL_LINK,https://www.tsurilogue.com/en,UPDATE_INTERNAL_LINK
https://www.tsurilogue.com/ja/media/tag/%E3%82%A2%E3%83%97%E3%83%AA,https://www.tsurilogue.com/en/media/tag/%E3%82%A2%E3%83%97%E3%83%AA,404,EN,other,BROKEN_INTERNAL_LINK,https://www.tsurilogue.com/en,UPDATE_INTERNAL_LINK
https://www.tsurilogue.com/ja/media/tag/%E3%82%AA%E3%83%B3%E3%83%A9%E3%82%A4%E3%83%B3%E9%87%A3%E3%82%8A%E5%A4%A7%E4%BC%9A,https://www.tsurilogue.com/en/media/tag/%E3%82%AA%E3%83%B3%E3%83%A9%E3%82%A4%E3%83%B3%E9%87%A3%E3%82%8A%E5%A4%A7%E4%BC%9A,404,EN,header,BROKEN_INTERNAL_LINK,https://www.tsurilogue.com/en,UPDATE_INTERNAL_LINK
https://www.tsurilogue.com/ja/media/tag/%E3%82%AA%E3%83%B3%E3%83%A9%E3%82%A4%E3%83%B3%E9%87%A3%E3%82%8A%E5%A4%A7%E4%BC%9A,https://www.tsurilogue.com/en/media/tag/%E3%82%AA%E3%83%B3%E3%83%A9%E3%82%A4%E3%83%B3%E9%87%A3%E3%82%8A%E5%A4%A7%E4%BC%9A,404,EN,other,BROKEN_INTERNAL_LINK,https://www.tsurilogue.com/en,UPDATE_INTERNAL_LINK
https://www.tsurilogue.com/ja/media/tag/%E3%82%B0%E3%83%AB%E3%83%BC%E3%83%97,https://www.tsurilogue.com/en/media/tag/%E3%82%B0%E3%83%AB%E3%83%BC%E3%83%97,404,EN,header,BROKEN_INTERNAL_LINK,https://www.tsurilogue.com/en,UPDATE_INTERNAL_LINK
https://www.tsurilogue.com/ja/media/tag/%E3%82%B0%E3%83%AB%E3%83%BC%E3%83%97,https://www.tsurilogue.com/en/media/tag/%E3%82%B0%E3%83%AB%E3%83%BC%E3%83%97,404,EN,other,BROKEN_INTERNAL_LINK,https://www.tsurilogue.com/en,UPDATE_INTERNAL_LINK
https://www.tsurilogue.com/ja/media/tag/%E3%83%9C%E3%82%A6%E3%82%BA,https://www.tsurilogue.com/en/media/tag/%E3%83%9C%E3%82%A6%E3%82%BA,404,EN,header,BROKEN_INTERNAL_LINK,https://www.tsurilogue.com/en,UPDATE_INTERNAL_LINK
https://www.tsurilogue.com/ja/media/tag/%E3%83%9C%E3%82%A6%E3%82%BA,https://www.tsurilogue.com/en/media/tag/%E3%83%9C%E3%82%A6%E3%82%BA,404,EN,other,BROKEN_INTERNAL_LINK,https://www.tsurilogue.com/en,UPDATE_INTERNAL_LINK
https://www.tsurilogue.com/ja/media/tag/%E5%88%9D%E5%9B%9E%E6%8A%95%E7%A8%BF,https://www.tsurilogue.com/en/media/tag/%E5%88%9D%E5%9B%9E%E6%8A%95%E7%A8%BF,404,EN,header,BROKEN_INTERNAL_LINK,https://www.tsurilogue.com/en,UPDATE_INTERNAL_LINK
https://www.tsurilogue.com/ja/media/tag/%E5%88%9D%E5%9B%9E%E6%8A%95%E7%A8%BF,https://www.tsurilogue.com/en/media/tag/%E5%88%9D%E5%9B%9E%E6%8A%95%E7%A8%BF,404,EN,other,BROKEN_INTERNAL_LINK,https://www.tsurilogue.com/en,UPDATE_INTERNAL_LINK
https://www.tsurilogue.com/ja/media/tag/%E5%88%9D%E5%BF%83%E8%80%85%E9%87%A3%E3%82%8A,https://www.tsurilogue.com/en/media/tag/%E5%88%9D%E5%BF%83%E8%80%85%E9%87%A3%E3%82%8A,404,EN,header,BROKEN_INTERNAL_LINK,https://www.tsurilogue.com/en,UPDATE_INTERNAL_LINK
https://www.tsurilogue.com/ja/media/tag/%E5%88%9D%E5%BF%83%E8%80%85%E9%87%A3%E3%82%8A,https://www.tsurilogue.com/en/media/tag/%E5%88%9D%E5%BF%83%E8%80%85%E9%87%A3%E3%82%8A,404,EN,other,BROKEN_INTERNAL_LINK,https://www.tsurilogue.com/en,UPDATE_INTERNAL_LINK
https://www.tsurilogue.com/ja/media/tag/%E7%84%A1%E6%96%99%E9%87%A3%E6%9E%9C%E8%A8%98%E9%8C%B2%E3%82%A2%E3%83%97%E3%83%AA,https://www.tsurilogue.com/en/media/tag/%E7%84%A1%E6%96%99%E9%87%A3%E6%9E%9C%E8%A8%98%E9%8C%B2%E3%82%A2%E3%83%97%E3%83%AA,404,EN,header,BROKEN_INTERNAL_LINK,https://www.tsurilogue.com/en,UPDATE_INTERNAL_LINK
https://www.tsurilogue.com/ja/media/tag/%E7%84%A1%E6%96%99%E9%87%A3%E6%9E%9C%E8%A8%98%E9%8C%B2%E3%82%A2%E3%83%97%E3%83%AA,https://www.tsurilogue.com/en/media/tag/%E7%84%A1%E6%96%99%E9%87%A3%E6%9E%9C%E8%A8%98%E9%8C%B2%E3%82%A2%E3%83%97%E3%83%AA,404,EN,other,BROKEN_INTERNAL_LINK,https://www.tsurilogue.com/en,UPDATE_INTERNAL_LINK
https://www.tsurilogue.com/ja/media/tag/%E7%B5%90%E6%9E%9C%E7%99%BA%E8%A1%A8,https://www.tsurilogue.com/en/media/tag/%E7%B5%90%E6%9E%9C%E7%99%BA%E8%A1%A8,404,EN,header,BROKEN_INTERNAL_LINK,https://www.tsurilogue.com/en,UPDATE_INTERNAL_LINK
https://www.tsurilogue.com/ja/media/tag/%E7%B5%90%E6%9E%9C%E7%99%BA%E8%A1%A8,https://www.tsurilogue.com/en/media/tag/%E7%B5%90%E6%9E%9C%E7%99%BA%E8%A1%A8,404,EN,other,BROKEN_INTERNAL_LINK,https://www.tsurilogue.com/en,UPDATE_INTERNAL_LINK
https://www.tsurilogue.com/ja/media/tag/%E8%88%B9%E5%AE%BF%E9%87%A3%E6%9E%9C%E7%AE%A1%E7%90%86,https://www.tsurilogue.com/en/media/tag/%E8%88%B9%E5%AE%BF%E9%87%A3%E6%9E%9C%E7%AE%A1%E7%90%86,404,EN,header,BROKEN_INTERNAL_LINK,https://www.tsurilogue.com/en,UPDATE_INTERNAL_LINK
https://www.tsurilogue.com/ja/media/tag/%E8%88%B9%E5%AE%BF%E9%87%A3%E6%9E%9C%E7%AE%A1%E7%90%86,https://www.tsurilogue.com/en/media/tag/%E8%88%B9%E5%AE%BF%E9%87%A3%E6%9E%9C%E7%AE%A1%E7%90%86,404,EN,other,BROKEN_INTERNAL_LINK,https://www.tsurilogue.com/en,UPDATE_INTERNAL_LINK
https://www.tsurilogue.com/ja/media/tag/%E8%88%B9%E9%95%B7,https://www.tsurilogue.com/en/media/tag/%E8%88%B9%E9%95%B7,404,EN,header,BROKEN_INTERNAL_LINK,https://www.tsurilogue.com/en,UPDATE_INTERNAL_LINK
https://www.tsurilogue.com/ja/media/tag/%E8%88%B9%E9%95%B7,https://www.tsurilogue.com/en/media/tag/%E8%88%B9%E9%95%B7,404,EN,other,BROKEN_INTERNAL_LINK,https://www.tsurilogue.com/en,UPDATE_INTERNAL_LINK
https://www.tsurilogue.com/ja/media/tag/%E9%81%8A%E6%BC%81%E8%88%B9,https://www.tsurilogue.com/en/media/tag/%E9%81%8A%E6%BC%81%E8%88%B9,404,EN,header,BROKEN_INTERNAL_LINK,https://www.tsurilogue.com/en,UPDATE_INTERNAL_LINK
https://www.tsurilogue.com/ja/media/tag/%E9%81%8A%E6%BC%81%E8%88%B9,https://www.tsurilogue.com/en/media/tag/%E9%81%8A%E6%BC%81%E8%88%B9,404,EN,other,BROKEN_INTERNAL_LINK,https://www.tsurilogue.com/en,UPDATE_INTERNAL_LINK
https://www.tsurilogue.com/ja/media/tag/%E9%87%A3%E3%82%8Asns,https://www.tsurilogue.com/en/media/tag/%E9%87%A3%E3%82%8Asns,404,EN,header,BROKEN_INTERNAL_LINK,https://www.tsurilogue.com/en,UPDATE_INTERNAL_LINK
https://www.tsurilogue.com/ja/media/tag/%E9%87%A3%E3%82%8Asns,https://www.tsurilogue.com/en/media/tag/%E9%87%A3%E3%82%8Asns,404,EN,other,BROKEN_INTERNAL_LINK,https://www.tsurilogue.com/en,UPDATE_INTERNAL_LINK
https://www.tsurilogue.com/ja/media/tag/%E9%87%A3%E3%82%8A%E3%83%AD%E3%83%BC%E3%82%B0,https://www.tsurilogue.com/en/media/tag/%E9%87%A3%E3%82%8A%E3%83%AD%E3%83%BC%E3%82%B0,404,EN,header,BROKEN_INTERNAL_LINK,https://www.tsurilogue.com/en,UPDATE_INTERNAL_LINK
https://www.tsurilogue.com/ja/media/tag/%E9%87%A3%E3%82%8A%E3%83%AD%E3%83%BC%E3%82%B0,https://www.tsurilogue.com/en/media/tag/%E9%87%A3%E3%82%8A%E3%83%AD%E3%83%BC%E3%82%B0,404,EN,other,BROKEN_INTERNAL_LINK,https://www.tsurilogue.com/en,UPDATE_INTERNAL_LINK
https://www.tsurilogue.com/ja/media/tag/%E9%87%A3%E3%82%8A%E3%83%AD%E3%83%BC%E3%82%B0?page=2,https://www.tsurilogue.com/en/media/tag/%E9%87%A3%E3%82%8A%E3%83%AD%E3%83%BC%E3%82%B0,404,EN,header,BROKEN_INTERNAL_LINK,https://www.tsurilogue.com/en,UPDATE_INTERNAL_LINK
https://www.tsurilogue.com/ja/media/tag/%E9%87%A3%E3%82%8A%E3%83%AD%E3%83%BC%E3%82%B0?page=2,https://www.tsurilogue.com/en/media/tag/%E9%87%A3%E3%82%8A%E3%83%AD%E3%83%BC%E3%82%B0,404,EN,other,BROKEN_INTERNAL_LINK,https://www.tsurilogue.com/en,UPDATE_INTERNAL_LINK
https://www.tsurilogue.com/ja/media/tag/%E9%87%A3%E6%9E%9C%E6%8A%95%E7%A8%BF,https://www.tsurilogue.com/en/media/tag/%E9%87%A3%E6%9E%9C%E6%8A%95%E7%A8%BF,404,EN,header,BROKEN_INTERNAL_LINK,https://www.tsurilogue.com/en,UPDATE_INTERNAL_LINK
https://www.tsurilogue.com/ja/media/tag/%E9%87%A3%E6%9E%9C%E6%8A%95%E7%A8%BF,https://www.tsurilogue.com/en/media/tag/%E9%87%A3%E6%9E%9C%E6%8A%95%E7%A8%BF,404,EN,other,BROKEN_INTERNAL_LINK,https://www.tsurilogue.com/en,UPDATE_INTERNAL_LINK
https://www.tsurilogue.com/ja/media/tag/%E9%87%A3%E6%9E%9C%E6%8A%95%E7%A8%BF?page=2,https://www.tsurilogue.com/en/media/tag/%E9%87%A3%E6%9E%9C%E6%8A%95%E7%A8%BF,404,EN,header,BROKEN_INTERNAL_LINK,https://www.tsurilogue.com/en,UPDATE_INTERNAL_LINK
https://www.tsurilogue.com/ja/media/tag/%E9%87%A3%E6%9E%9C%E6%8A%95%E7%A8%BF?page=2,https://www.tsurilogue.com/en/media/tag/%E9%87%A3%E6%9E%9C%E6%8A%95%E7%A8%BF,404,EN,other,BROKEN_INTERNAL_LINK,https://www.tsurilogue.com/en,UPDATE_INTERNAL_LINK
https://www.tsurilogue.com/ja/media/tag/%E9%87%A3%E6%9E%9C%E8%A8%98%E9%8C%B2,https://www.tsurilogue.com/en/media/tag/%E9%87%A3%E6%9E%9C%E8%A8%98%E9%8C%B2,404,EN,header,BROKEN_INTERNAL_LINK,https://www.tsurilogue.com/en,UPDATE_INTERNAL_LINK
https://www.tsurilogue.com/ja/media/tag/%E9%87%A3%E6%9E%9C%E8%A8%98%E9%8C%B2,https://www.tsurilogue.com/en/media/tag/%E9%87%A3%E6%9E%9C%E8%A8%98%E9%8C%B2,404,EN,other,BROKEN_INTERNAL_LINK,https://www.tsurilogue.com/en,UPDATE_INTERNAL_LINK
https://www.tsurilogue.com/ja/media/tag/%E9%87%A3%E6%9E%9C%E8%A8%98%E9%8C%B2?page=2,https://www.tsurilogue.com/en/media/tag/%E9%87%A3%E6%9E%9C%E8%A8%98%E9%8C%B2,404,EN,header,BROKEN_INTERNAL_LINK,https://www.tsurilogue.com/en,UPDATE_INTERNAL_LINK
https://www.tsurilogue.com/ja/media/tag/%E9%87%A3%E6%9E%9C%E8%A8%98%E9%8C%B2?page=2,https://www.tsurilogue.com/en/media/tag/%E9%87%A3%E6%9E%9C%E8%A8%98%E9%8C%B2,404,EN,other,BROKEN_INTERNAL_LINK,https://www.tsurilogue.com/en,UPDATE_INTERNAL_LINK
https://www.tsurilogue.com/ja/media/tag/%E9%87%A3%E3%82%8A%E5%A4%A7%E4%BC%9A%E3%83%AB%E3%83%BC%E3%83%AB,https://www.tsurilogue.com/en/media/tag/%E9%87%A3%E3%82%8A%E5%A4%A7%E4%BC%9A%E3%83%AB%E3%83%BC%E3%83%AB,404,EN,header,BROKEN_INTERNAL_LINK,https://www.tsurilogue.com/en,UPDATE_INTERNAL_LINK
https://www.tsurilogue.com/ja/media/tag/%E9%87%A3%E3%82%8A%E5%A4%A7%E4%BC%9A%E3%83%AB%E3%83%BC%E3%83%AB,https://www.tsurilogue.com/en/media/tag/%E9%87%A3%E3%82%8A%E5%A4%A7%E4%BC%9A%E3%83%AB%E3%83%BC%E3%83%AB,404,EN,other,BROKEN_INTERNAL_LINK,https://www.tsurilogue.com/en,UPDATE_INTERNAL_LINK
https://www.tsurilogue.com/ja/media/tag/%E9%87%A3%E6%9E%9C%E3%83%A9%E3%83%B3%E3%82%AD%E3%83%B3%E3%82%B0,https://www.tsurilogue.com/en/media/tag/%E9%87%A3%E6%9E%9C%E3%83%A9%E3%83%B3%E3%82%AD%E3%83%B3%E3%82%B0,404,EN,header,BROKEN_INTERNAL_LINK,https://www.tsurilogue.com/en,UPDATE_INTERNAL_LINK
https://www.tsurilogue.com/ja/media/tag/%E9%87%A3%E6%9E%9C%E3%83%A9%E3%83%B3%E3%82%AD%E3%83%B3%E3%82%B0,https://www.tsurilogue.com/en/media/tag/%E9%87%A3%E6%9E%9C%E3%83%A9%E3%83%B3%E3%82%AD%E3%83%B3%E3%82%B0,404,EN,other,BROKEN_INTERNAL_LINK,https://www.tsurilogue.com/en,UPDATE_INTERNAL_LINK
https://www.tsurilogue.com/ja/media/tag/%E9%87%A3%E3%82%8A%E5%A4%A7%E4%BC%9A%E3%82%A2%E3%83%97%E3%83%AA,https://www.tsurilogue.com/en/media/tag/%E9%87%A3%E3%82%8A%E5%A4%A7%E4%BC%9A%E3%82%A2%E3%83%97%E3%83%AA,404,EN,header,BROKEN_INTERNAL_LINK,https://www.tsurilogue.com/en,UPDATE_INTERNAL_LINK
https://www.tsurilogue.com/ja/media/tag/%E9%87%A3%E3%82%8A%E5%A4%A7%E4%BC%9A%E3%82%A2%E3%83%97%E3%83%AA,https://www.tsurilogue.com/en/media/tag/%E9%87%A3%E3%82%8A%E5%A4%A7%E4%BC%9A%E3%82%A2%E3%83%97%E3%83%AA,404,EN,other,BROKEN_INTERNAL_LINK,https://www.tsurilogue.com/en,UPDATE_INTERNAL_LINK
https://www.tsurilogue.com/ja/media/tag/%E9%87%A3%E6%9E%9C%E5%85%B1%E6%9C%89,https://www.tsurilogue.com/en/media/tag/%E9%87%A3%E6%9E%9C%E5%85%B1%E6%9C%89,404,EN,header,BROKEN_INTERNAL_LINK,https://www.tsurilogue.com/en,UPDATE_INTERNAL_LINK
https://www.tsurilogue.com/ja/media/tag/%E9%87%A3%E6%9E%9C%E5%85%B1%E6%9C%89,https://www.tsurilogue.com/en/media/tag/%E9%87%A3%E6%9E%9C%E5%85%B1%E6%9C%89,404,EN,other,BROKEN_INTERNAL_LINK,https://www.tsurilogue.com/en,UPDATE_INTERNAL_LINK
https://www.tsurilogue.com/ja/media/tag/%E9%87%A3%E6%9E%9C%E5%85%B1%E6%9C%89?page=2,https://www.tsurilogue.com/en/media/tag/%E9%87%A3%E6%9E%9C%E5%85%B1%E6%9C%89,404,EN,header,BROKEN_INTERNAL_LINK,https://www.tsurilogue.com/en,UPDATE_INTERNAL_LINK
https://www.tsurilogue.com/ja/media/tag/%E9%87%A3%E6%9E%9C%E5%85%B1%E6%9C%89?page=2,https://www.tsurilogue.com/en/media/tag/%E9%87%A3%E6%9E%9C%E5%85%B1%E6%9C%89,404,EN,other,BROKEN_INTERNAL_LINK,https://www.tsurilogue.com/en,UPDATE_INTERNAL_LINK
https://www.tsurilogue.com/ja/media/tag/%E9%87%A3%E6%9E%9C%E5%85%B1%E6%9C%89%E3%82%A2%E3%83%97%E3%83%AA,https://www.tsurilogue.com/en/media/tag/%E9%87%A3%E6%9E%9C%E5%85%B1%E6%9C%89%E3%82%A2%E3%83%97%E3%83%AA,404,EN,header,BROKEN_INTERNAL_LINK,https://www.tsurilogue.com/en,UPDATE_INTERNAL_LINK
https://www.tsurilogue.com/ja/media/tag/%E9%87%A3%E6%9E%9C%E5%85%B1%E6%9C%89%E3%82%A2%E3%83%97%E3%83%AA,https://www.tsurilogue.com/en/media/tag/%E9%87%A3%E6%9E%9C%E5%85%B1%E6%9C%89%E3%82%A2%E3%83%97%E3%83%AA,404,EN,other,BROKEN_INTERNAL_LINK,https://www.tsurilogue.com/en,UPDATE_INTERNAL_LINK
https://www.tsurilogue.com/ja/media/tag/%E9%87%A3%E6%9E%9C%E3%83%AD%E3%82%B0,https://www.tsurilogue.com/en/media/tag/%E9%87%A3%E6%9E%9C%E3%83%AD%E3%82%B0,404,EN,header,BROKEN_INTERNAL_LINK,https://www.tsurilogue.com/en,UPDATE_INTERNAL_LINK
https://www.tsurilogue.com/ja/media/tag/%E9%87%A3%E6%9E%9C%E3%83%AD%E3%82%B0,https://www.tsurilogue.com/en/media/tag/%E9%87%A3%E6%9E%9C%E3%83%AD%E3%82%B0,404,EN,other,BROKEN_INTERNAL_LINK,https://www.tsurilogue.com/en,UPDATE_INTERNAL_LINK
https://www.tsurilogue.com/ja/media/tag/%E9%87%A3%E6%9E%9C%E6%8A%95%E7%A8%BF%E3%82%A2%E3%83%97%E3%83%AA,https://www.tsurilogue.com/en/media/tag/%E9%87%A3%E6%9E%9C%E6%8A%95%E7%A8%BF%E3%82%A2%E3%83%97%E3%83%AA,404,EN,header,BROKEN_INTERNAL_LINK,https://www.tsurilogue.com/en,UPDATE_INTERNAL_LINK
https://www.tsurilogue.com/ja/media/tag/%E9%87%A3%E6%9E%9C%E6%8A%95%E7%A8%BF%E3%82%A2%E3%83%97%E3%83%AA,https://www.tsurilogue.com/en/media/tag/%E9%87%A3%E6%9E%9C%E6%8A%95%E7%A8%BF%E3%82%A2%E3%83%97%E3%83%AA,404,EN,other,BROKEN_INTERNAL_LINK,https://www.tsurilogue.com/en,UPDATE_INTERNAL_LINK
https://www.tsurilogue.com/ja/media/tag/%E9%87%A3%E6%9E%9C%E8%A8%98%E9%8C%B2%E3%82%A2%E3%83%97%E3%83%AA,https://www.tsurilogue.com/en/media/tag/%E9%87%A3%E6%9E%9C%E8%A8%98%E9%8C%B2%E3%82%A2%E3%83%97%E3%83%AA,404,EN,header,BROKEN_INTERNAL_LINK,https://www.tsurilogue.com/en,UPDATE_INTERNAL_LINK
https://www.tsurilogue.com/ja/media/tag/%E9%87%A3%E6%9E%9C%E8%A8%98%E9%8C%B2%E3%82%A2%E3%83%97%E3%83%AA,https://www.tsurilogue.com/en/media/tag/%E9%87%A3%E6%9E%9C%E8%A8%98%E9%8C%B2%E3%82%A2%E3%83%97%E3%83%AA,404,EN,other,BROKEN_INTERNAL_LINK,https://www.tsurilogue.com/en,UPDATE_INTERNAL_LINK
https://www.tsurilogue.com/ja/media/tag/%E9%87%A3%E3%82%8A%E3%83%AD%E3%82%B0,https://www.tsurilogue.com/en/media/tag/%E9%87%A3%E3%82%8A%E3%83%AD%E3%82%B0,404,EN,header,BROKEN_INTERNAL_LINK,https://www.tsurilogue.com/en,UPDATE_INTERNAL_LINK
https://www.tsurilogue.com/ja/media/tag/%E9%87%A3%E3%82%8A%E3%83%AD%E3%82%B0,https://www.tsurilogue.com/en/media/tag/%E9%87%A3%E3%82%8A%E3%83%AD%E3%82%B0,404,EN,other,BROKEN_INTERNAL_LINK,https://www.tsurilogue.com/en,UPDATE_INTERNAL_LINK
https://www.tsurilogue.com/ja/media/tag/%E9%87%A3%E3%82%8A%E3%83%AD%E3%82%B0?page=2,https://www.tsurilogue.com/en/media/tag/%E9%87%A3%E3%82%8A%E3%83%AD%E3%82%B0,404,EN,header,BROKEN_INTERNAL_LINK,https://www.tsurilogue.com/en,UPDATE_INTERNAL_LINK
https://www.tsurilogue.com/ja/media/tag/%E9%87%A3%E3%82%8A%E3%83%AD%E3%82%B0?page=2,https://www.tsurilogue.com/en/media/tag/%E9%87%A3%E3%82%8A%E3%83%AD%E3%82%B0,404,EN,other,BROKEN_INTERNAL_LINK,https://www.tsurilogue.com/en,UPDATE_INTERNAL_LINK
https://www.tsurilogue.com/ja/media/tag/%E9%87%A3%E6%9E%9C%E5%86%99%E7%9C%9F,https://www.tsurilogue.com/en/media/tag/%E9%87%A3%E6%9E%9C%E5%86%99%E7%9C%9F,404,EN,header,BROKEN_INTERNAL_LINK,https://www.tsurilogue.com/en,UPDATE_INTERNAL_LINK
https://www.tsurilogue.com/ja/media/tag/%E9%87%A3%E6%9E%9C%E5%86%99%E7%9C%9F,https://www.tsurilogue.com/en/media/tag/%E9%87%A3%E6%9E%9C%E5%86%99%E7%9C%9F,404,EN,other,BROKEN_INTERNAL_LINK,https://www.tsurilogue.com/en,UPDATE_INTERNAL_LINK
https://www.tsurilogue.com/ja/media/tag/%E9%87%A3%E3%82%8A%E3%83%8E%E3%83%BC%E3%83%88,https://www.tsurilogue.com/en/media/tag/%E9%87%A3%E3%82%8A%E3%83%8E%E3%83%BC%E3%83%88,404,EN,header,BROKEN_INTERNAL_LINK,https://www.tsurilogue.com/en,UPDATE_INTERNAL_LINK
https://www.tsurilogue.com/ja/media/tag/%E9%87%A3%E3%82%8A%E3%83%8E%E3%83%BC%E3%83%88,https://www.tsurilogue.com/en/media/tag/%E9%87%A3%E3%82%8A%E3%83%8E%E3%83%BC%E3%83%88,404,EN,other,BROKEN_INTERNAL_LINK,https://www.tsurilogue.com/en,UPDATE_INTERNAL_LINK
https://www.tsurilogue.com/ja/media/tag/%E9%87%A3%E8%A1%8C%E3%83%A1%E3%83%A2,https://www.tsurilogue.com/en/media/tag/%E9%87%A3%E8%A1%8C%E3%83%A1%E3%83%A2,404,EN,header,BROKEN_INTERNAL_LINK,https://www.tsurilogue.com/en,UPDATE_INTERNAL_LINK
https://www.tsurilogue.com/ja/media/tag/%E9%87%A3%E8%A1%8C%E3%83%A1%E3%83%A2,https://www.tsurilogue.com/en/media/tag/%E9%87%A3%E8%A1%8C%E3%83%A1%E3%83%A2,404,EN,other,BROKEN_INTERNAL_LINK,https://www.tsurilogue.com/en,UPDATE_INTERNAL_LINK
https://www.tsurilogue.com/ja/media/tag/%E9%87%A3%E8%A1%8C%E8%A8%98%E9%8C%B2,https://www.tsurilogue.com/en/media/tag/%E9%87%A3%E8%A1%8C%E8%A8%98%E9%8C%B2,404,EN,header,BROKEN_INTERNAL_LINK,https://www.tsurilogue.com/en,UPDATE_INTERNAL_LINK
https://www.tsurilogue.com/ja/media/tag/%E9%87%A3%E8%A1%8C%E8%A8%98%E9%8C%B2,https://www.tsurilogue.com/en/media/tag/%E9%87%A3%E8%A1%8C%E8%A8%98%E9%8C%B2,404,EN,other,BROKEN_INTERNAL_LINK,https://www.tsurilogue.com/en,UPDATE_INTERNAL_LINK
https://www.tsurilogue.com/ja/media/tag/%E9%87%A3%E3%82%8A%E6%97%A5%E8%A8%98,https://www.tsurilogue.com/en/media/tag/%E9%87%A3%E3%82%8A%E6%97%A5%E8%A8%98,404,EN,header,BROKEN_INTERNAL_LINK,https://www.tsurilogue.com/en,UPDATE_INTERNAL_LINK
https://www.tsurilogue.com/ja/media/tag/%E9%87%A3%E3%82%8A%E6%97%A5%E8%A8%98,https://www.tsurilogue.com/en/media/tag/%E9%87%A3%E3%82%8A%E6%97%A5%E8%A8%98,404,EN,other,BROKEN_INTERNAL_LINK,https://www.tsurilogue.com/en,UPDATE_INTERNAL_LINK
https://www.tsurilogue.com/ja/media/tag/%E9%87%A3%E8%A1%8C%E3%83%AD%E3%82%B0,https://www.tsurilogue.com/en/media/tag/%E9%87%A3%E8%A1%8C%E3%83%AD%E3%82%B0,404,EN,header,BROKEN_INTERNAL_LINK,https://www.tsurilogue.com/en,UPDATE_INTERNAL_LINK
https://www.tsurilogue.com/ja/media/tag/%E9%87%A3%E8%A1%8C%E3%83%AD%E3%82%B0,https://www.tsurilogue.com/en/media/tag/%E9%87%A3%E8%A1%8C%E3%83%AD%E3%82%B0,404,EN,other,BROKEN_INTERNAL_LINK,https://www.tsurilogue.com/en,UPDATE_INTERNAL_LINK
https://www.tsurilogue.com/ja/media/tag/%E9%87%A3%E3%82%8A%E5%A4%A7%E4%BC%9A,https://www.tsurilogue.com/en/media/tag/%E9%87%A3%E3%82%8A%E5%A4%A7%E4%BC%9A,404,EN,header,BROKEN_INTERNAL_LINK,https://www.tsurilogue.com/en,UPDATE_INTERNAL_LINK
https://www.tsurilogue.com/ja/media/tag/%E9%87%A3%E3%82%8A%E5%A4%A7%E4%BC%9A,https://www.tsurilogue.com/en/media/tag/%E9%87%A3%E3%82%8A%E5%A4%A7%E4%BC%9A,404,EN,other,BROKEN_INTERNAL_LINK,https://www.tsurilogue.com/en,UPDATE_INTERNAL_LINK
https://www.tsurilogue.com/ja/media/tag/%E9%87%A3%E3%82%8A%E5%A4%A7%E4%BC%9A?page=2,https://www.tsurilogue.com/en/media/tag/%E9%87%A3%E3%82%8A%E5%A4%A7%E4%BC%9A,404,EN,header,BROKEN_INTERNAL_LINK,https://www.tsurilogue.com/en,UPDATE_INTERNAL_LINK
https://www.tsurilogue.com/ja/media/tag/%E9%87%A3%E3%82%8A%E5%A4%A7%E4%BC%9A?page=2,https://www.tsurilogue.com/en/media/tag/%E9%87%A3%E3%82%8A%E5%A4%A7%E4%BC%9A,404,EN,other,BROKEN_INTERNAL_LINK,https://www.tsurilogue.com/en,UPDATE_INTERNAL_LINK
https://www.tsurilogue.com/ja/media/tag/%E9%87%A3%E5%85%B7%E5%BA%97,https://www.tsurilogue.com/en/media/tag/%E9%87%A3%E5%85%B7%E5%BA%97,404,EN,header,BROKEN_INTERNAL_LINK,https://www.tsurilogue.com/en,UPDATE_INTERNAL_LINK
https://www.tsurilogue.com/ja/media/tag/%E9%87%A3%E5%85%B7%E5%BA%97,https://www.tsurilogue.com/en/media/tag/%E9%87%A3%E5%85%B7%E5%BA%97,404,EN,other,BROKEN_INTERNAL_LINK,https://www.tsurilogue.com/en,UPDATE_INTERNAL_LINK
https://www.tsurilogue.com/ja/media/tag/%E9%87%A3%E3%82%8A%E3%82%B5%E3%83%BC%E3%82%AF%E3%83%AB,https://www.tsurilogue.com/en/media/tag/%E9%87%A3%E3%82%8A%E3%82%B5%E3%83%BC%E3%82%AF%E3%83%AB,404,EN,header,BROKEN_INTERNAL_LINK,https://www.tsurilogue.com/en,UPDATE_INTERNAL_LINK
https://www.tsurilogue.com/ja/media/tag/%E9%87%A3%E3%82%8A%E3%82%B5%E3%83%BC%E3%82%AF%E3%83%AB,https://www.tsurilogue.com/en/media/tag/%E9%87%A3%E3%82%8A%E3%82%B5%E3%83%BC%E3%82%AF%E3%83%AB,404,EN,other,BROKEN_INTERNAL_LINK,https://www.tsurilogue.com/en,UPDATE_INTERNAL_LINK
https://www.tsurilogue.com/ja/media/tag/%E9%87%A3%E3%82%8A%E3%83%81%E3%83%BC%E3%83%A0,https://www.tsurilogue.com/en/media/tag/%E9%87%A3%E3%82%8A%E3%83%81%E3%83%BC%E3%83%A0,404,EN,header,BROKEN_INTERNAL_LINK,https://www.tsurilogue.com/en,UPDATE_INTERNAL_LINK
https://www.tsurilogue.com/ja/media/tag/%E9%87%A3%E3%82%8A%E3%83%81%E3%83%BC%E3%83%A0,https://www.tsurilogue.com/en/media/tag/%E9%87%A3%E3%82%8A%E3%83%81%E3%83%BC%E3%83%A0,404,EN,other,BROKEN_INTERNAL_LINK,https://www.tsurilogue.com/en,UPDATE_INTERNAL_LINK
https://www.tsurilogue.com/ja/media/tag/%E9%87%A3%E3%82%8A%E3%82%B3%E3%83%9F%E3%83%A5%E3%83%8B%E3%83%86%E3%82%A3,https://www.tsurilogue.com/en/media/tag/%E9%87%A3%E3%82%8A%E3%82%B3%E3%83%9F%E3%83%A5%E3%83%8B%E3%83%86%E3%82%A3,404,EN,header,BROKEN_INTERNAL_LINK,https://www.tsurilogue.com/en,UPDATE_INTERNAL_LINK
https://www.tsurilogue.com/ja/media/tag/%E9%87%A3%E3%82%8A%E3%82%B3%E3%83%9F%E3%83%A5%E3%83%8B%E3%83%86%E3%82%A3,https://www.tsurilogue.com/en/media/tag/%E9%87%A3%E3%82%8A%E3%82%B3%E3%83%9F%E3%83%A5%E3%83%8B%E3%83%86%E3%82%A3,404,EN,other,BROKEN_INTERNAL_LINK,https://www.tsurilogue.com/en,UPDATE_INTERNAL_LINK
https://www.tsurilogue.com/ja/media/tag/%E9%87%A3%E3%82%8A%E4%BB%B2%E9%96%93,https://www.tsurilogue.com/en/media/tag/%E9%87%A3%E3%82%8A%E4%BB%B2%E9%96%93,404,EN,header,BROKEN_INTERNAL_LINK,https://www.tsurilogue.com/en,UPDATE_INTERNAL_LINK
https://www.tsurilogue.com/ja/media/tag/%E9%87%A3%E3%82%8A%E4%BB%B2%E9%96%93,https://www.tsurilogue.com/en/media/tag/%E9%87%A3%E3%82%8A%E4%BB%B2%E9%96%93,404,EN,other,BROKEN_INTERNAL_LINK,https://www.tsurilogue.com/en,UPDATE_INTERNAL_LINK
https://www.tsurilogue.com/ja/media/tag/%E9%87%A3%E6%9E%9C%E8%A8%98%E9%8C%B2%E9%A0%85%E7%9B%AE,https://www.tsurilogue.com/en/media/tag/%E9%87%A3%E6%9E%9C%E8%A8%98%E9%8C%B2%E9%A0%85%E7%9B%AE,404,EN,header,BROKEN_INTERNAL_LINK,https://www.tsurilogue.com/en,UPDATE_INTERNAL_LINK
https://www.tsurilogue.com/ja/media/tag/%E9%87%A3%E6%9E%9C%E8%A8%98%E9%8C%B2%E9%A0%85%E7%9B%AE,https://www.tsurilogue.com/en/media/tag/%E9%87%A3%E6%9E%9C%E8%A8%98%E9%8C%B2%E9%A0%85%E7%9B%AE,404,EN,other,BROKEN_INTERNAL_LINK,https://www.tsurilogue.com/en,UPDATE_INTERNAL_LINK
https://www.tsurilogue.com/ja/media/tag/%E9%87%A3%E3%82%8C%E3%81%AA%E3%81%8B%E3%81%A3%E3%81%9F%E6%97%A5,https://www.tsurilogue.com/en/media/tag/%E9%87%A3%E3%82%8C%E3%81%AA%E3%81%8B%E3%81%A3%E3%81%9F%E6%97%A5,404,EN,header,BROKEN_INTERNAL_LINK,https://www.tsurilogue.com/en,UPDATE_INTERNAL_LINK
https://www.tsurilogue.com/ja/media/tag/%E9%87%A3%E3%82%8C%E3%81%AA%E3%81%8B%E3%81%A3%E3%81%9F%E6%97%A5,https://www.tsurilogue.com/en/media/tag/%E9%87%A3%E3%82%8C%E3%81%AA%E3%81%8B%E3%81%A3%E3%81%9F%E6%97%A5,404,EN,other,BROKEN_INTERNAL_LINK,https://www.tsurilogue.com/en,UPDATE_INTERNAL_LINK
https://www.tsurilogue.com/ja/media/tag/%E9%87%A3%E6%9E%9C%E8%A8%98%E9%8C%B2%E5%88%9D%E5%BF%83%E8%80%85,https://www.tsurilogue.com/en/media/tag/%E9%87%A3%E6%9E%9C%E8%A8%98%E9%8C%B2%E5%88%9D%E5%BF%83%E8%80%85,404,EN,header,BROKEN_INTERNAL_LINK,https://www.tsurilogue.com/en,UPDATE_INTERNAL_LINK
https://www.tsurilogue.com/ja/media/tag/%E9%87%A3%E6%9E%9C%E8%A8%98%E9%8C%B2%E5%88%9D%E5%BF%83%E8%80%85,https://www.tsurilogue.com/en/media/tag/%E9%87%A3%E6%9E%9C%E8%A8%98%E9%8C%B2%E5%88%9D%E5%BF%83%E8%80%85,404,EN,other,BROKEN_INTERNAL_LINK,https://www.tsurilogue.com/en,UPDATE_INTERNAL_LINK
https://www.tsurilogue.com/ja/media/tag/%E9%87%A3%E6%9E%9C%E3%82%A4%E3%83%99%E3%83%B3%E3%83%88,https://www.tsurilogue.com/en/media/tag/%E9%87%A3%E6%9E%9C%E3%82%A4%E3%83%99%E3%83%B3%E3%83%88,404,EN,header,BROKEN_INTERNAL_LINK,https://www.tsurilogue.com/en,UPDATE_INTERNAL_LINK
https://www.tsurilogue.com/ja/media/tag/%E9%87%A3%E6%9E%9C%E3%82%A4%E3%83%99%E3%83%B3%E3%83%88,https://www.tsurilogue.com/en/media/tag/%E9%87%A3%E6%9E%9C%E3%82%A4%E3%83%99%E3%83%B3%E3%83%88,404,EN,other,BROKEN_INTERNAL_LINK,https://www.tsurilogue.com/en,UPDATE_INTERNAL_LINK
