url,status,canonical,indexable,in_sitemap,internal_links_in,internal_links_out,soft_404_candidate,issue
https://www.tsurilogue.com/ja,200,https://www.tsurilogue.com/ja,true,true,478,58,false,
https://www.tsurilogue.com/ja/media,200,https://www.tsurilogue.com/ja/media,true,true,208,204,false,
https://www.tsurilogue.com/ja/about,200,https://www.tsurilogue.com/ja/about,true,true,269,26,false,
https://www.tsurilogue.com/ja/features,200,https://www.tsurilogue.com/ja/features,true,true,337,86,false,
https://www.tsurilogue.com/ja/pricing,200,https://www.tsurilogue.com/ja/pricing,true,true,192,40,false,
https://www.tsurilogue.com/ja/signup,200,https://www.tsurilogue.com/ja/signup,true,true,208,25,false,
https://www.tsurilogue.com/ja/install,200,https://www.tsurilogue.com/ja/install,true,true,191,21,false,
https://www.tsurilogue.com/ja/feedback,200,https://www.tsurilogue.com/ja/feedback,true,true,192,34,true,SOFT_404_CANDIDATE
https://www.tsurilogue.com/ja/media/how-to-start-tsurilogue-first-post,200,https://www.tsurilogue.com/ja/media/how-to-start-tsurilogue-first-post,true,true,205,42,false,
https://www.tsurilogue.com/ja/media/online-fishing-tournament-rules,200,https://www.tsurilogue.com/ja/media/online-fishing-tournament-rules,true,true,77,45,false,
https://www.tsurilogue.com/ja/media/fishing-tournament-app-benefits,200,https://www.tsurilogue.com/ja/media/fishing-tournament-app-benefits,true,true,99,46,false,
https://www.tsurilogue.com/ja/media/manage-catches-with-fishing-friends,200,https://www.tsurilogue.com/ja/media/manage-catches-with-fishing-friends,true,true,53,39,false,
https://www.tsurilogue.com/ja/media/catch-sharing-app-line-sns-difference,200,https://www.tsurilogue.com/ja/media/catch-sharing-app-line-sns-difference,true,true,161,62,false,
https://www.tsurilogue.com/ja/media/catch-log-app-comparison,200,https://www.tsurilogue.com/ja/media/catch-log-app-comparison,true,true,221,54,false,
https://www.tsurilogue.com/ja/media/save-fishing-log-before-sns-post,200,https://www.tsurilogue.com/ja/media/save-fishing-log-before-sns-post,true,true,66,45,false,
https://www.tsurilogue.com/ja/media/fishing-trip-memo-smartphone,200,https://www.tsurilogue.com/ja/media/fishing-trip-memo-smartphone,true,true,166,48,false,
https://www.tsurilogue.com/ja/media/fishing-diary-vs-catch-record,200,https://www.tsurilogue.com/ja/media/fishing-diary-vs-catch-record,true,true,53,44,false,
https://www.tsurilogue.com/ja/media/free-catch-record-app-tsurilogue,200,https://www.tsurilogue.com/ja/media/free-catch-record-app-tsurilogue,true,true,53,44,false,
https://www.tsurilogue.com/ja/media/how-to-choose-catch-record-app,200,https://www.tsurilogue.com/ja/media/how-to-choose-catch-record-app,true,true,45,44,false,
https://www.tsurilogue.com/ja/media/enjoy-fishing-with-tsurilogue,200,https://www.tsurilogue.com/ja/media/enjoy-fishing-with-tsurilogue,true,true,55,45,false,
https://www.tsurilogue.com/ja/media/fishing-shop-catch-post-event,200,https://www.tsurilogue.com/ja/media/fishing-shop-catch-post-event,true,true,35,44,false,
https://www.tsurilogue.com/ja/media/charter-boat-catch-log,200,https://www.tsurilogue.com/ja/media/charter-boat-catch-log,true,true,25,42,false,
https://www.tsurilogue.com/ja/media/fishing-team-activity-log,200,https://www.tsurilogue.com/ja/media/fishing-team-activity-log,true,true,33,45,false,
https://www.tsurilogue.com/ja/media/fishing-tournament-results-announcement,200,https://www.tsurilogue.com/ja/media/fishing-tournament-results-announcement,true,true,36,44,false,
https://www.tsurilogue.com/ja/media/beginner-friendly-fishing-tournament,200,https://www.tsurilogue.com/ja/media/beginner-friendly-fishing-tournament,true,true,33,44,false,
https://www.tsurilogue.com/ja/media/catch-ranking-ideas,200,https://www.tsurilogue.com/ja/media/catch-ranking-ideas,true,true,60,46,false,
https://www.tsurilogue.com/ja/media/share-your-catch-with-friends,200,https://www.tsurilogue.com/ja/media/share-your-catch-with-friends,true,true,39,45,false,
https://www.tsurilogue.com/ja/media/make-fishing-log-a-habit,200,https://www.tsurilogue.com/ja/media/make-fishing-log-a-habit,true,true,30,45,false,
https://www.tsurilogue.com/ja/media/review-catch-records-tsurilogue,200,https://www.tsurilogue.com/ja/media/review-catch-records-tsurilogue,true,true,12,38,false,
https://www.tsurilogue.com/ja/media/fishing-log-checklist,200,https://www.tsurilogue.com/ja/media/fishing-log-checklist,true,true,30,44,false,
https://www.tsurilogue.com/ja/media/fishing-blank-day-log-tsurilogue,200,https://www.tsurilogue.com/ja/media/fishing-blank-day-log-tsurilogue,true,true,25,44,false,
https://www.tsurilogue.com/ja/media/fishing-catch-photo-tips,200,https://www.tsurilogue.com/ja/media/fishing-catch-photo-tips,true,true,15,44,false,
https://www.tsurilogue.com/ja/media/catch-ranking-tsurilogue,200,https://www.tsurilogue.com/ja/media/catch-ranking-tsurilogue,true,true,6,38,false,
https://www.tsurilogue.com/ja/media/online-fishing-tournament-tsurilogue,200,https://www.tsurilogue.com/ja/media/online-fishing-tournament-tsurilogue,true,true,24,44,false,
https://www.tsurilogue.com/ja/media/fishing-tournament-rules-checklist,200,https://www.tsurilogue.com/ja/media/fishing-tournament-rules-checklist,true,true,39,45,false,
https://www.tsurilogue.com/ja/media/turn-fishing-log-into-tournament,200,https://www.tsurilogue.com/ja/media/turn-fishing-log-into-tournament,true,true,27,45,false,
https://www.tsurilogue.com/ja/media/how-to-continue-fishing-log,200,https://www.tsurilogue.com/ja/media/how-to-continue-fishing-log,true,true,21,45,false,
https://www.tsurilogue.com/ja/media/kiroku-kyouyu,200,https://www.tsurilogue.com/ja/media/kiroku-kyouyu,true,true,6,38,false,
https://www.tsurilogue.com/ja/media/catch-record-app-tsurilogue,200,https://www.tsurilogue.com/ja/media/catch-record-app-tsurilogue,true,true,9,44,false,
https://www.tsurilogue.com/ja/media/how-to-start-tsurilogue,200,https://www.tsurilogue.com/ja/media/how-to-start-tsurilogue,true,true,36,49,false,
https://www.tsurilogue.com/ja/media/fishing-shop-tournament-tsurilogue,200,https://www.tsurilogue.com/ja/media/fishing-shop-tournament-tsurilogue,true,true,18,44,false,
https://www.tsurilogue.com/ja/media/charter-boat-catch-report-tsurilogue,200,https://www.tsurilogue.com/ja/media/charter-boat-catch-report-tsurilogue,true,true,16,42,false,
https://www.tsurilogue.com/ja/media/fishing-tournament-organizer-tsurilogue,200,https://www.tsurilogue.com/ja/media/fishing-tournament-organizer-tsurilogue,true,true,18,44,false,
https://www.tsurilogue.com/ja/media/fishing-team-circle-tsurilogue,200,https://www.tsurilogue.com/ja/media/fishing-team-circle-tsurilogue,true,true,18,44,false,
https://www.tsurilogue.com/ja/media/share-catches-with-fishing-friends-tsurilogue,200,https://www.tsurilogue.com/ja/media/share-catches-with-fishing-friends-tsurilogue,true,true,15,44,false,
https://www.tsurilogue.com/ja/media/private-fishing-tournament-tsurilogue,200,https://www.tsurilogue.com/ja/media/private-fishing-tournament-tsurilogue,true,true,18,42,false,
https://www.tsurilogue.com/ja/media/what-you-can-do-with-tsurilogue,200,https://www.tsurilogue.com/ja/media/what-you-can-do-with-tsurilogue,true,true,9,43,false,
https://www.tsurilogue.com/ja/media/fishing-log-app,200,https://www.tsurilogue.com/ja/media/fishing-log-app,true,true,12,42,false,
https://www.tsurilogue.com/ja/media/what-is-fishing-log,200,https://www.tsurilogue.com/ja/media/what-is-fishing-log,true,true,6,38,false,
https://www.tsurilogue.com/ja/media/what-is-catch-log,200,https://www.tsurilogue.com/ja/media/what-is-catch-log,true,true,27,45,false,
https://www.tsurilogue.com/ja/media/fishing-blank-log,200,https://www.tsurilogue.com/ja/media/fishing-blank-log,true,true,6,41,false,
https://www.tsurilogue.com/ja/media/record-caught-fish,200,https://www.tsurilogue.com/ja/media/record-caught-fish,true,true,15,43,false,
https://www.tsurilogue.com/ja/media/fishing-catch-memo-smartphone,200,https://www.tsurilogue.com/ja/media/fishing-catch-memo-smartphone,true,true,8,41,false,
https://www.tsurilogue.com/ja/media/organize-fishing-photos,200,https://www.tsurilogue.com/ja/media/organize-fishing-photos,true,true,12,43,false,
https://www.tsurilogue.com/ja/media/catch-log-items,200,https://www.tsurilogue.com/ja/media/catch-log-items,true,true,6,38,false,
https://www.tsurilogue.com/ja/media/benefits-of-catch-log,200,https://www.tsurilogue.com/ja/media/benefits-of-catch-log,true,true,9,40,false,
https://www.tsurilogue.com/ja/media/fishing-log-app-items,200,https://www.tsurilogue.com/ja/media/fishing-log-app-items,true,true,21,39,false,
https://www.tsurilogue.com/ja/media/how-to-write-fishing-diary,200,https://www.tsurilogue.com/ja/media/how-to-write-fishing-diary,true,true,18,38,false,
https://www.tsurilogue.com/ja/media/fishing-diary-app,200,https://www.tsurilogue.com/ja/media/fishing-diary-app,true,true,21,39,false,
https://www.tsurilogue.com/ja/media/group-catch-management,200,https://www.tsurilogue.com/ja/media/group-catch-management,true,true,6,38,false,
https://www.tsurilogue.com/ja/media/share-catch-with-fishing-friends,200,https://www.tsurilogue.com/ja/media/share-catch-with-fishing-friends,true,true,9,39,false,
https://www.tsurilogue.com/ja/media/line-catch-sharing,200,https://www.tsurilogue.com/ja/media/line-catch-sharing,true,true,9,39,false,
https://www.tsurilogue.com/ja/media/fishing-sns-vs-catch-log-app,200,https://www.tsurilogue.com/ja/media/fishing-sns-vs-catch-log-app,true,true,5,38,false,
https://www.tsurilogue.com/ja/media/catch-sharing-app,200,https://www.tsurilogue.com/ja/media/catch-sharing-app,true,true,7,38,false,
https://www.tsurilogue.com/ja/media/online-fishing-tournament,200,https://www.tsurilogue.com/ja/media/online-fishing-tournament,true,true,96,56,false,
https://www.tsurilogue.com/ja/media/fishing-tournament-app,200,https://www.tsurilogue.com/ja/media/fishing-tournament-app,true,true,5,38,false,
https://www.tsurilogue.com/ja/media/fishing-tournament-guide,200,https://www.tsurilogue.com/ja/media/fishing-tournament-guide,true,true,4,37,false,
https://www.tsurilogue.com/ja/media/catch-log-template,200,https://www.tsurilogue.com/ja/media/catch-log-template,true,true,5,38,false,
https://www.tsurilogue.com/ja/media/hello-tsurilogue,200,https://www.tsurilogue.com/ja/media/hello-tsurilogue,true,true,4,37,false,
https://www.tsurilogue.com/ja/media/category/%E3%82%B3%E3%83%9F%E3%83%A5%E3%83%8B%E3%83%86%E3%82%A3,200,https://www.tsurilogue.com/ja/media/category/%E3%82%B3%E3%83%9F%E3%83%A5%E3%83%8B%E3%83%86%E3%82%A3,true,true,191,85,false,
https://www.tsurilogue.com/ja/media/category/%E9%81%8A%E6%BC%81%E8%88%B9%E3%83%BB%E4%BA%8B%E6%A5%AD%E8%80%85%E5%90%91%E3%81%91,200,https://www.tsurilogue.com/ja/media/category/%E9%81%8A%E6%BC%81%E8%88%B9%E3%83%BB%E4%BA%8B%E6%A5%AD%E8%80%85%E5%90%91%E3%81%91,true,true,86,69,false,
https://www.tsurilogue.com/ja/media/category/%E9%87%A3%E3%82%8A%E3%83%AD%E3%82%B0,200,https://www.tsurilogue.com/ja/media/category/%E9%87%A3%E3%82%8A%E3%83%AD%E3%82%B0,true,true,180,93,false,
https://www.tsurilogue.com/ja/media/category/%E9%87%A3%E3%82%8A%E4%BB%B2%E9%96%93,200,https://www.tsurilogue.com/ja/media/category/%E9%87%A3%E3%82%8A%E4%BB%B2%E9%96%93,true,true,101,97,false,
https://www.tsurilogue.com/ja/media/category/%E9%87%A3%E3%82%8A%E5%A4%A7%E4%BC%9A%E3%83%BB%E3%82%A4%E3%83%99%E3%83%B3%E3%83%88,200,https://www.tsurilogue.com/ja/media/category/%E9%87%A3%E3%82%8A%E5%A4%A7%E4%BC%9A%E3%83%BB%E3%82%A4%E3%83%99%E3%83%B3%E3%83%88,true,true,194,101,false,
https://www.tsurilogue.com/ja/media/category/%E9%87%A3%E3%82%8A%E6%97%A5%E8%A8%98,200,https://www.tsurilogue.com/ja/media/category/%E9%87%A3%E3%82%8A%E6%97%A5%E8%A8%98,true,true,93,77,false,
https://www.tsurilogue.com/ja/media/category/%E9%87%A3%E6%9E%9C%E5%85%B1%E6%9C%89,200,https://www.tsurilogue.com/ja/media/category/%E9%87%A3%E6%9E%9C%E5%85%B1%E6%9C%89,true,true,204,102,false,
https://www.tsurilogue.com/ja/media/category/%E9%87%A3%E6%9E%9C%E5%86%99%E7%9C%9F,200,https://www.tsurilogue.com/ja/media/category/%E9%87%A3%E6%9E%9C%E5%86%99%E7%9C%9F,true,true,73,73,false,
https://www.tsurilogue.com/ja/media/category/record,200,https://www.tsurilogue.com/ja/media/category/record,true,true,297,102,false,
https://www.tsurilogue.com/ja/media/category/%E9%87%A3%E8%A1%8C%E3%83%AD%E3%82%B0,200,https://www.tsurilogue.com/ja/media/category/%E9%87%A3%E8%A1%8C%E3%83%AD%E3%82%B0,true,true,76,93,false,
https://www.tsurilogue.com/ja/tournaments,200,https://www.tsurilogue.com/tournaments,true,false,6,34,true,SOFT_404_CANDIDATE
https://www.tsurilogue.com/ja/groups,200,https://www.tsurilogue.com/groups,true,false,6,46,true,SOFT_404_CANDIDATE
https://www.tsurilogue.com/ja/catches,200,https://www.tsurilogue.com/catches,true,false,181,17,true,SOFT_404_CANDIDATE
https://www.tsurilogue.com/ja/ranking,200,https://www.tsurilogue.com/ranking,true,false,181,17,true,SOFT_404_CANDIDATE
https://www.tsurilogue.com/ja/post,200,https://www.tsurilogue.com/post,true,false,181,12,true,SOFT_404_CANDIDATE
https://www.tsurilogue.com/ja/map,200,https://www.tsurilogue.com/map,true,false,181,17,true,SOFT_404_CANDIDATE
https://www.tsurilogue.com/ja/analysis,200,https://www.tsurilogue.com/analysis,true,false,181,17,true,SOFT_404_CANDIDATE
https://www.tsurilogue.com/ja/plans,200,https://www.tsurilogue.com/ja/plans,true,false,191,20,false,
https://www.tsurilogue.com/ja/terms,200,https://www.tsurilogue.com/ja/terms,true,false,195,40,false,
https://www.tsurilogue.com/ja/privacy,200,https://www.tsurilogue.com/ja/privacy,true,false,195,40,false,
https://www.tsurilogue.com/en,200,https://www.tsurilogue.com/ja,true,false,3,29,false,CANONICAL_NOT_SELF
https://www.tsurilogue.com/en/media,404,https://www.tsurilogue.com/ja,false,false,6,0,false,HTTP_404
https://www.tsurilogue.com/ja/media?page=2,200,https://www.tsurilogue.com/ja/media,true,true,3,102,false,
https://www.tsurilogue.com/ja/media/tag/line%E9%87%A3%E6%9E%9C%E5%85%B1%E6%9C%89,200,https://www.tsurilogue.com/ja/media/tag/line%E9%87%A3%E6%9E%9C%E5%85%B1%E6%9C%89,false,false,69,65,false,
https://www.tsurilogue.com/ja/media/tag/sns%E9%87%A3%E6%9E%9C%E6%8A%95%E7%A8%BF,200,https://www.tsurilogue.com/ja/media/tag/sns%E9%87%A3%E6%9E%9C%E6%8A%95%E7%A8%BF,false,false,69,65,false,
https://www.tsurilogue.com/ja/media/tag/tsurilogue,200,https://www.tsurilogue.com/ja/media/tag/tsurilogue,false,false,103,102,false,
https://www.tsurilogue.com/ja/media/tag/tsurilogue%E4%BD%BF%E3%81%84%E6%96%B9,200,https://www.tsurilogue.com/ja/media/tag/tsurilogue%E4%BD%BF%E3%81%84%E6%96%B9,false,false,69,65,false,
https://www.tsurilogue.com/ja/media/tag/%E3%82%A2%E3%83%97%E3%83%AA,200,https://www.tsurilogue.com/ja/media/tag/%E3%82%A2%E3%83%97%E3%83%AA,false,false,69,65,false,
https://www.tsurilogue.com/ja/media/tag/%E3%82%AA%E3%83%B3%E3%83%A9%E3%82%A4%E3%83%B3%E9%87%A3%E3%82%8A%E5%A4%A7%E4%BC%9A,200,https://www.tsurilogue.com/ja/media/tag/%E3%82%AA%E3%83%B3%E3%83%A9%E3%82%A4%E3%83%B3%E9%87%A3%E3%82%8A%E5%A4%A7%E4%BC%9A,false,false,74,85,false,
https://www.tsurilogue.com/ja/media/tag/%E3%82%B0%E3%83%AB%E3%83%BC%E3%83%97,200,https://www.tsurilogue.com/ja/media/tag/%E3%82%B0%E3%83%AB%E3%83%BC%E3%83%97,false,false,69,65,false,
https://www.tsurilogue.com/ja/media/tag/%E3%83%9C%E3%82%A6%E3%82%BA,200,https://www.tsurilogue.com/ja/media/tag/%E3%83%9C%E3%82%A6%E3%82%BA,false,false,69,65,false,
https://www.tsurilogue.com/ja/media/tag/%E5%88%9D%E5%9B%9E%E6%8A%95%E7%A8%BF,200,https://www.tsurilogue.com/ja/media/tag/%E5%88%9D%E5%9B%9E%E6%8A%95%E7%A8%BF,false,false,69,65,false,
https://www.tsurilogue.com/ja/media/tag/%E5%88%9D%E5%BF%83%E8%80%85%E9%87%A3%E3%82%8A,200,https://www.tsurilogue.com/ja/media/tag/%E5%88%9D%E5%BF%83%E8%80%85%E9%87%A3%E3%82%8A,false,false,69,65,false,
https://www.tsurilogue.com/ja/media/tag/%E7%84%A1%E6%96%99%E9%87%A3%E6%9E%9C%E8%A8%98%E9%8C%B2%E3%82%A2%E3%83%97%E3%83%AA,200,https://www.tsurilogue.com/ja/media/tag/%E7%84%A1%E6%96%99%E9%87%A3%E6%9E%9C%E8%A8%98%E9%8C%B2%E3%82%A2%E3%83%97%E3%83%AA,false,false,69,65,false,
https://www.tsurilogue.com/ja/media/tag/%E7%B5%90%E6%9E%9C%E7%99%BA%E8%A1%A8,200,https://www.tsurilogue.com/ja/media/tag/%E7%B5%90%E6%9E%9C%E7%99%BA%E8%A1%A8,false,false,69,65,false,
https://www.tsurilogue.com/ja/media/tag/%E8%88%B9%E5%AE%BF%E9%87%A3%E6%9E%9C%E7%AE%A1%E7%90%86,200,https://www.tsurilogue.com/ja/media/tag/%E8%88%B9%E5%AE%BF%E9%87%A3%E6%9E%9C%E7%AE%A1%E7%90%86,false,false,70,69,false,
https://www.tsurilogue.com/ja/media/tag/%E8%88%B9%E9%95%B7,200,https://www.tsurilogue.com/ja/media/tag/%E8%88%B9%E9%95%B7,false,false,69,65,false,
https://www.tsurilogue.com/ja/media/tag/%E9%81%8A%E6%BC%81%E8%88%B9,200,https://www.tsurilogue.com/ja/media/tag/%E9%81%8A%E6%BC%81%E8%88%B9,false,false,73,81,false,
https://www.tsurilogue.com/ja/media/tag/%E9%87%A3%E3%82%8Asns,200,https://www.tsurilogue.com/ja/media/tag/%E9%87%A3%E3%82%8Asns,false,false,69,65,false,
https://www.tsurilogue.com/en/about,200,https://www.tsurilogue.com/ja/about,true,false,4,26,false,CANONICAL_NOT_SELF
https://www.tsurilogue.com/ja/lp,200,https://www.tsurilogue.com/,true,false,9,26,false,CANONICAL_NOT_SELF
https://www.tsurilogue.com/en/features,200,https://www.tsurilogue.com/ja/features,true,false,9,43,false,CANONICAL_NOT_SELF
https://www.tsurilogue.com/ja/login,200,https://www.tsurilogue.com/login,true,false,50,15,true,SOFT_404_CANDIDATE
https://www.tsurilogue.com/ja/ai-report,200,https://www.tsurilogue.com/ai-report,true,false,3,34,true,SOFT_404_CANDIDATE
https://www.tsurilogue.com/en/pricing,200,https://www.tsurilogue.com/ja/pricing,true,false,3,20,false,CANONICAL_NOT_SELF
https://www.tsurilogue.com/en/signup,200,https://www.tsurilogue.com/ja/signup,true,false,4,25,false,CANONICAL_NOT_SELF
https://www.tsurilogue.com/en/install,200,https://www.tsurilogue.com/ja/install,true,false,2,21,false,CANONICAL_NOT_SELF
https://www.tsurilogue.com/en/feedback,200,https://www.tsurilogue.com/ja/feedback,true,false,3,17,true,SOFT_404_CANDIDATE
https://www.tsurilogue.com/en/media/how-to-start-tsurilogue-first-post,404,https://www.tsurilogue.com/ja,false,false,2,0,false,HTTP_404
https://www.tsurilogue.com/ja/media/tag/%E9%87%A3%E3%82%8A%E3%83%AD%E3%83%BC%E3%82%B0,200,https://www.tsurilogue.com/ja/media/tag/%E9%87%A3%E3%82%8A%E3%83%AD%E3%83%BC%E3%82%B0,false,false,36,102,false,
https://www.tsurilogue.com/ja/media/tag/%E9%87%A3%E6%9E%9C%E6%8A%95%E7%A8%BF,200,https://www.tsurilogue.com/ja/media/tag/%E9%87%A3%E6%9E%9C%E6%8A%95%E7%A8%BF,false,false,16,102,false,
https://www.tsurilogue.com/ja/media/tag/%E9%87%A3%E6%9E%9C%E8%A8%98%E9%8C%B2,200,https://www.tsurilogue.com/ja/media/tag/%E9%87%A3%E6%9E%9C%E8%A8%98%E9%8C%B2,false,false,26,102,false,
https://www.tsurilogue.com/en/media/online-fishing-tournament-rules,404,https://www.tsurilogue.com/ja,false,false,2,0,false,HTTP_404
https://www.tsurilogue.com/ja/media/tag/%E9%87%A3%E3%82%8A%E5%A4%A7%E4%BC%9A%E3%83%AB%E3%83%BC%E3%83%AB,200,https://www.tsurilogue.com/ja/media/tag/%E9%87%A3%E3%82%8A%E5%A4%A7%E4%BC%9A%E3%83%AB%E3%83%BC%E3%83%AB,false,false,4,69,false,
https://www.tsurilogue.com/ja/media/tag/%E9%87%A3%E6%9E%9C%E3%83%A9%E3%83%B3%E3%82%AD%E3%83%B3%E3%82%B0,200,https://www.tsurilogue.com/ja/media/tag/%E9%87%A3%E6%9E%9C%E3%83%A9%E3%83%B3%E3%82%AD%E3%83%B3%E3%82%B0,false,false,6,77,false,
https://www.tsurilogue.com/en/media/fishing-tournament-app-benefits,404,https://www.tsurilogue.com/ja,false,false,2,0,false,HTTP_404
https://www.tsurilogue.com/ja/media/tag/%E9%87%A3%E3%82%8A%E5%A4%A7%E4%BC%9A%E3%82%A2%E3%83%97%E3%83%AA,200,https://www.tsurilogue.com/ja/media/tag/%E9%87%A3%E3%82%8A%E5%A4%A7%E4%BC%9A%E3%82%A2%E3%83%97%E3%83%AA,false,false,3,65,false,
https://www.tsurilogue.com/en/media/manage-catches-with-fishing-friends,404,https://www.tsurilogue.com/ja,false,false,2,0,false,HTTP_404
https://www.tsurilogue.com/en/media/catch-sharing-app-line-sns-difference,404,https://www.tsurilogue.com/ja,false,false,2,0,false,HTTP_404
https://www.tsurilogue.com/ja/media/tag/%E9%87%A3%E6%9E%9C%E5%85%B1%E6%9C%89,200,https://www.tsurilogue.com/ja/media/tag/%E9%87%A3%E6%9E%9C%E5%85%B1%E6%9C%89,false,false,27,102,false,
https://www.tsurilogue.com/ja/media/tag/%E9%87%A3%E6%9E%9C%E5%85%B1%E6%9C%89%E3%82%A2%E3%83%97%E3%83%AA,200,https://www.tsurilogue.com/ja/media/tag/%E9%87%A3%E6%9E%9C%E5%85%B1%E6%9C%89%E3%82%A2%E3%83%97%E3%83%AA,false,false,3,65,false,
https://www.tsurilogue.com/en/media/catch-log-app-comparison,404,https://www.tsurilogue.com/ja,false,false,2,0,false,HTTP_404
https://www.tsurilogue.com/ja/media/tag/%E9%87%A3%E6%9E%9C%E3%83%AD%E3%82%B0,200,https://www.tsurilogue.com/ja/media/tag/%E9%87%A3%E6%9E%9C%E3%83%AD%E3%82%B0,false,false,4,69,false,
https://www.tsurilogue.com/ja/media/tag/%E9%87%A3%E6%9E%9C%E6%8A%95%E7%A8%BF%E3%82%A2%E3%83%97%E3%83%AA,200,https://www.tsurilogue.com/ja/media/tag/%E9%87%A3%E6%9E%9C%E6%8A%95%E7%A8%BF%E3%82%A2%E3%83%97%E3%83%AA,false,false,3,65,false,
https://www.tsurilogue.com/ja/media/tag/%E9%87%A3%E6%9E%9C%E8%A8%98%E9%8C%B2%E3%82%A2%E3%83%97%E3%83%AA,200,https://www.tsurilogue.com/ja/media/tag/%E9%87%A3%E6%9E%9C%E8%A8%98%E9%8C%B2%E3%82%A2%E3%83%97%E3%83%AA,false,false,7,81,false,
https://www.tsurilogue.com/en/media/save-fishing-log-before-sns-post,404,https://www.tsurilogue.com/ja,false,false,2,0,false,HTTP_404
https://www.tsurilogue.com/ja/media/tag/%E9%87%A3%E3%82%8A%E3%83%AD%E3%82%B0,200,https://www.tsurilogue.com/ja/media/tag/%E9%87%A3%E3%82%8A%E3%83%AD%E3%82%B0,false,false,28,102,false,
https://www.tsurilogue.com/ja/media/tag/%E9%87%A3%E6%9E%9C%E5%86%99%E7%9C%9F,200,https://www.tsurilogue.com/ja/media/tag/%E9%87%A3%E6%9E%9C%E5%86%99%E7%9C%9F,false,false,4,69,false,
https://www.tsurilogue.com/en/media/fishing-trip-memo-smartphone,404,https://www.tsurilogue.com/ja,false,false,2,0,false,HTTP_404
https://www.tsurilogue.com/ja/media/tag/%E9%87%A3%E3%82%8A%E3%83%8E%E3%83%BC%E3%83%88,200,https://www.tsurilogue.com/ja/media/tag/%E9%87%A3%E3%82%8A%E3%83%8E%E3%83%BC%E3%83%88,false,false,3,65,false,
https://www.tsurilogue.com/ja/media/tag/%E9%87%A3%E8%A1%8C%E3%83%A1%E3%83%A2,200,https://www.tsurilogue.com/ja/media/tag/%E9%87%A3%E8%A1%8C%E3%83%A1%E3%83%A2,false,false,4,69,false,
https://www.tsurilogue.com/ja/media/tag/%E9%87%A3%E8%A1%8C%E8%A8%98%E9%8C%B2,200,https://www.tsurilogue.com/ja/media/tag/%E9%87%A3%E8%A1%8C%E8%A8%98%E9%8C%B2,false,false,3,65,false,
https://www.tsurilogue.com/en/media/fishing-diary-vs-catch-record,404,https://www.tsurilogue.com/ja,false,false,2,0,false,HTTP_404
https://www.tsurilogue.com/ja/media/tag/%E9%87%A3%E3%82%8A%E6%97%A5%E8%A8%98,200,https://www.tsurilogue.com/ja/media/tag/%E9%87%A3%E3%82%8A%E6%97%A5%E8%A8%98,false,false,3,65,false,
https://www.tsurilogue.com/ja/media/tag/%E9%87%A3%E8%A1%8C%E3%83%AD%E3%82%B0,200,https://www.tsurilogue.com/ja/media/tag/%E9%87%A3%E8%A1%8C%E3%83%AD%E3%82%B0,false,false,7,81,false,
https://www.tsurilogue.com/en/media/free-catch-record-app-tsurilogue,404,https://www.tsurilogue.com/ja,false,false,2,0,false,HTTP_404
https://www.tsurilogue.com/en/media/how-to-choose-catch-record-app,404,https://www.tsurilogue.com/ja,false,false,2,0,false,HTTP_404
https://www.tsurilogue.com/en/media/enjoy-fishing-with-tsurilogue,404,https://www.tsurilogue.com/ja,false,false,2,0,false,HTTP_404
https://www.tsurilogue.com/ja/media/tag/%E9%87%A3%E3%82%8A%E5%A4%A7%E4%BC%9A,200,https://www.tsurilogue.com/ja/media/tag/%E9%87%A3%E3%82%8A%E5%A4%A7%E4%BC%9A,false,false,16,102,false,
https://www.tsurilogue.com/en/media/fishing-shop-catch-post-event,404,https://www.tsurilogue.com/ja,false,false,2,0,false,HTTP_404
https://www.tsurilogue.com/ja/media/tag/%E9%87%A3%E5%85%B7%E5%BA%97,200,https://www.tsurilogue.com/ja/media/tag/%E9%87%A3%E5%85%B7%E5%BA%97,false,false,4,69,false,
https://www.tsurilogue.com/en/media/charter-boat-catch-log,404,https://www.tsurilogue.com/ja,false,false,2,0,false,HTTP_404
https://www.tsurilogue.com/en/media/fishing-team-activity-log,404,https://www.tsurilogue.com/ja,false,false,2,0,false,HTTP_404
https://www.tsurilogue.com/ja/media/tag/%E9%87%A3%E3%82%8A%E3%82%B5%E3%83%BC%E3%82%AF%E3%83%AB,200,https://www.tsurilogue.com/ja/media/tag/%E9%87%A3%E3%82%8A%E3%82%B5%E3%83%BC%E3%82%AF%E3%83%AB,false,false,7,81,false,
https://www.tsurilogue.com/ja/media/tag/%E9%87%A3%E3%82%8A%E3%83%81%E3%83%BC%E3%83%A0,200,https://www.tsurilogue.com/ja/media/tag/%E9%87%A3%E3%82%8A%E3%83%81%E3%83%BC%E3%83%A0,false,false,3,65,false,
https://www.tsurilogue.com/en/media/fishing-tournament-results-announcement,404,https://www.tsurilogue.com/ja,false,false,2,0,false,HTTP_404
https://www.tsurilogue.com/en/media/beginner-friendly-fishing-tournament,404,https://www.tsurilogue.com/ja,false,false,2,0,false,HTTP_404
https://www.tsurilogue.com/en/media/catch-ranking-ideas,404,https://www.tsurilogue.com/ja,false,false,2,0,false,HTTP_404
https://www.tsurilogue.com/en/media/share-your-catch-with-friends,404,https://www.tsurilogue.com/ja,false,false,2,0,false,HTTP_404
https://www.tsurilogue.com/ja/media/tag/%E9%87%A3%E3%82%8A%E3%82%B3%E3%83%9F%E3%83%A5%E3%83%8B%E3%83%86%E3%82%A3,200,https://www.tsurilogue.com/ja/media/tag/%E9%87%A3%E3%82%8A%E3%82%B3%E3%83%9F%E3%83%A5%E3%83%8B%E3%83%86%E3%82%A3,false,false,3,65,false,
https://www.tsurilogue.com/ja/media/tag/%E9%87%A3%E3%82%8A%E4%BB%B2%E9%96%93,200,https://www.tsurilogue.com/ja/media/tag/%E9%87%A3%E3%82%8A%E4%BB%B2%E9%96%93,false,false,4,69,false,
https://www.tsurilogue.com/en/media/make-fishing-log-a-habit,404,https://www.tsurilogue.com/ja,false,false,2,0,false,HTTP_404
https://www.tsurilogue.com/en/media/review-catch-records-tsurilogue,404,https://www.tsurilogue.com/ja,false,false,2,0,false,HTTP_404
https://www.tsurilogue.com/en/media/fishing-log-checklist,404,https://www.tsurilogue.com/ja,false,false,2,0,false,HTTP_404
https://www.tsurilogue.com/ja/media/tag/%E9%87%A3%E6%9E%9C%E8%A8%98%E9%8C%B2%E9%A0%85%E7%9B%AE,200,https://www.tsurilogue.com/ja/media/tag/%E9%87%A3%E6%9E%9C%E8%A8%98%E9%8C%B2%E9%A0%85%E7%9B%AE,false,false,3,65,false,
https://www.tsurilogue.com/en/media/fishing-blank-day-log-tsurilogue,404,https://www.tsurilogue.com/ja,false,false,2,0,false,HTTP_404
https://www.tsurilogue.com/ja/media/tag/%E9%87%A3%E3%82%8C%E3%81%AA%E3%81%8B%E3%81%A3%E3%81%9F%E6%97%A5,200,https://www.tsurilogue.com/ja/media/tag/%E9%87%A3%E3%82%8C%E3%81%AA%E3%81%8B%E3%81%A3%E3%81%9F%E6%97%A5,false,false,3,65,false,
https://www.tsurilogue.com/en/media/fishing-catch-photo-tips,404,https://www.tsurilogue.com/ja,false,false,2,0,false,HTTP_404
https://www.tsurilogue.com/en/media/catch-ranking-tsurilogue,404,https://www.tsurilogue.com/ja,false,false,2,0,false,HTTP_404
https://www.tsurilogue.com/en/media/online-fishing-tournament-tsurilogue,404,https://www.tsurilogue.com/ja,false,false,2,0,false,HTTP_404
https://www.tsurilogue.com/en/media/fishing-tournament-rules-checklist,404,https://www.tsurilogue.com/ja,false,false,2,0,false,HTTP_404
https://www.tsurilogue.com/en/media/turn-fishing-log-into-tournament,404,https://www.tsurilogue.com/ja,false,false,2,0,false,HTTP_404
https://www.tsurilogue.com/en/media/how-to-continue-fishing-log,404,https://www.tsurilogue.com/ja,false,false,2,0,false,HTTP_404
https://www.tsurilogue.com/en/media/kiroku-kyouyu,404,https://www.tsurilogue.com/ja,false,false,2,0,false,HTTP_404
https://www.tsurilogue.com/en/media/catch-record-app-tsurilogue,404,https://www.tsurilogue.com/ja,false,false,2,0,false,HTTP_404
https://www.tsurilogue.com/en/media/how-to-start-tsurilogue,404,https://www.tsurilogue.com/ja,false,false,2,0,false,HTTP_404
https://www.tsurilogue.com/ja/media/tag/%E9%87%A3%E6%9E%9C%E8%A8%98%E9%8C%B2%E5%88%9D%E5%BF%83%E8%80%85,200,https://www.tsurilogue.com/ja/media/tag/%E9%87%A3%E6%9E%9C%E8%A8%98%E9%8C%B2%E5%88%9D%E5%BF%83%E8%80%85,false,false,3,65,false,
https://www.tsurilogue.com/en/media/fishing-shop-tournament-tsurilogue,404,https://www.tsurilogue.com/ja,false,false,2,0,false,HTTP_404
https://www.tsurilogue.com/ja/media/tag/%E9%87%A3%E6%9E%9C%E3%82%A4%E3%83%99%E3%83%B3%E3%83%88,200,https://www.tsurilogue.com/ja/media/tag/%E9%87%A3%E6%9E%9C%E3%82%A4%E3%83%99%E3%83%B3%E3%83%88,false,false,6,77,false,
https://www.tsurilogue.com/en/media/charter-boat-catch-report-tsurilogue,404,https://www.tsurilogue.com/ja,false,false,2,0,false,HTTP_404
https://www.tsurilogue.com/en/media/fishing-tournament-organizer-tsurilogue,404,https://www.tsurilogue.com/ja,false,false,2,0,false,HTTP_404
https://www.tsurilogue.com/en/media/fishing-team-circle-tsurilogue,404,https://www.tsurilogue.com/ja,false,false,2,0,false,HTTP_404
https://www.tsurilogue.com/en/media/share-catches-with-fishing-friends-tsurilogue,404,https://www.tsurilogue.com/ja,false,false,2,0,false,HTTP_404
https://www.tsurilogue.com/en/media/private-fishing-tournament-tsurilogue,404,https://www.tsurilogue.com/ja,false,false,2,0,false,HTTP_404
https://www.tsurilogue.com/en/media/what-you-can-do-with-tsurilogue,404,https://www.tsurilogue.com/ja,false,false,2,0,false,HTTP_404
https://www.tsurilogue.com/en/media/fishing-log-app,404,https://www.tsurilogue.com/ja,false,false,2,0,false,HTTP_404
https://www.tsurilogue.com/en/media/what-is-fishing-log,404,https://www.tsurilogue.com/ja,false,false,2,0,false,HTTP_404
https://www.tsurilogue.com/en/media/what-is-catch-log,404,https://www.tsurilogue.com/ja,false,false,2,0,false,HTTP_404
https://www.tsurilogue.com/en/media/fishing-blank-log,404,https://www.tsurilogue.com/ja,false,false,2,0,false,HTTP_404
https://www.tsurilogue.com/en/media/record-caught-fish,404,https://www.tsurilogue.com/ja,false,false,2,0,false,HTTP_404
https://www.tsurilogue.com/en/media/fishing-catch-memo-smartphone,404,https://www.tsurilogue.com/ja,false,false,2,0,false,HTTP_404
https://www.tsurilogue.com/en/media/organize-fishing-photos,404,https://www.tsurilogue.com/ja,false,false,2,0,false,HTTP_404
https://www.tsurilogue.com/en/media/catch-log-items,404,https://www.tsurilogue.com/ja,false,false,2,0,false,HTTP_404
https://www.tsurilogue.com/en/media/benefits-of-catch-log,404,https://www.tsurilogue.com/ja,false,false,2,0,false,HTTP_404
https://www.tsurilogue.com/en/media/fishing-log-app-items,404,https://www.tsurilogue.com/ja,false,false,2,0,false,HTTP_404
https://www.tsurilogue.com/en/media/how-to-write-fishing-diary,404,https://www.tsurilogue.com/ja,false,false,2,0,false,HTTP_404
https://www.tsurilogue.com/en/media/fishing-diary-app,404,https://www.tsurilogue.com/ja,false,false,2,0,false,HTTP_404
https://www.tsurilogue.com/en/media/group-catch-management,404,https://www.tsurilogue.com/ja,false,false,2,0,false,HTTP_404
https://www.tsurilogue.com/en/media/share-catch-with-fishing-friends,404,https://www.tsurilogue.com/ja,false,false,2,0,false,HTTP_404
https://www.tsurilogue.com/en/media/line-catch-sharing,404,https://www.tsurilogue.com/ja,false,false,2,0,false,HTTP_404
https://www.tsurilogue.com/en/media/fishing-sns-vs-catch-log-app,404,https://www.tsurilogue.com/ja,false,false,2,0,false,HTTP_404
https://www.tsurilogue.com/en/media/catch-sharing-app,404,https://www.tsurilogue.com/ja,false,false,2,0,false,HTTP_404
https://www.tsurilogue.com/en/media/online-fishing-tournament,404,https://www.tsurilogue.com/ja,false,false,2,0,false,HTTP_404
https://www.tsurilogue.com/en/media/fishing-tournament-app,404,https://www.tsurilogue.com/ja,false,false,2,0,false,HTTP_404
https://www.tsurilogue.com/en/media/fishing-tournament-guide,404,https://www.tsurilogue.com/ja,false,false,2,0,false,HTTP_404
https://www.tsurilogue.com/en/media/catch-log-template,404,https://www.tsurilogue.com/ja,false,false,2,0,false,HTTP_404
https://www.tsurilogue.com/en/media/hello-tsurilogue,404,https://www.tsurilogue.com/ja,false,false,2,0,false,HTTP_404
https://www.tsurilogue.com/en/media/category/%E3%82%B3%E3%83%9F%E3%83%A5%E3%83%8B%E3%83%86%E3%82%A3,404,https://www.tsurilogue.com/ja,false,false,2,0,false,HTTP_404
https://www.tsurilogue.com/en/media/category/%E9%81%8A%E6%BC%81%E8%88%B9%E3%83%BB%E4%BA%8B%E6%A5%AD%E8%80%85%E5%90%91%E3%81%91,404,https://www.tsurilogue.com/ja,false,false,2,0,false,HTTP_404
https://www.tsurilogue.com/en/media/category/%E9%87%A3%E3%82%8A%E3%83%AD%E3%82%B0,404,https://www.tsurilogue.com/ja,false,false,2,0,false,HTTP_404
https://www.tsurilogue.com/en/media/category/%E9%87%A3%E3%82%8A%E4%BB%B2%E9%96%93,404,https://www.tsurilogue.com/ja,false,false,2,0,false,HTTP_404
https://www.tsurilogue.com/en/media/category/%E9%87%A3%E3%82%8A%E5%A4%A7%E4%BC%9A%E3%83%BB%E3%82%A4%E3%83%99%E3%83%B3%E3%83%88,404,https://www.tsurilogue.com/ja,false,false,2,0,false,HTTP_404
https://www.tsurilogue.com/en/media/category/%E9%87%A3%E3%82%8A%E6%97%A5%E8%A8%98,404,https://www.tsurilogue.com/ja,false,false,2,0,false,HTTP_404
https://www.tsurilogue.com/en/media/category/%E9%87%A3%E6%9E%9C%E5%85%B1%E6%9C%89,404,https://www.tsurilogue.com/ja,false,false,4,0,false,HTTP_404
https://www.tsurilogue.com/ja/media/category/%E9%87%A3%E6%9E%9C%E5%85%B1%E6%9C%89?page=2,200,https://www.tsurilogue.com/ja/media/category/%E9%87%A3%E6%9E%9C%E5%85%B1%E6%9C%89,true,true,2,102,false,
https://www.tsurilogue.com/en/media/category/%E9%87%A3%E6%9E%9C%E5%86%99%E7%9C%9F,404,https://www.tsurilogue.com/ja,false,false,2,0,false,HTTP_404
https://www.tsurilogue.com/en/media/category/record,404,https://www.tsurilogue.com/ja,false,false,4,0,false,HTTP_404
https://www.tsurilogue.com/ja/media/category/record?page=2,200,https://www.tsurilogue.com/ja/media/category/record,true,true,2,102,false,
https://www.tsurilogue.com/en/media/category/%E9%87%A3%E8%A1%8C%E3%83%AD%E3%82%B0,404,https://www.tsurilogue.com/ja,false,false,2,0,false,HTTP_404
https://www.tsurilogue.com/en/tournaments,200,https://www.tsurilogue.com/tournaments,true,false,3,17,true,SOFT_404_CANDIDATE
https://www.tsurilogue.com/ja/groups/new,200,https://www.tsurilogue.com/groups,true,false,6,34,true,SOFT_404_CANDIDATE
https://www.tsurilogue.com/ja/groups/mine,200,https://www.tsurilogue.com/groups,true,false,3,34,true,SOFT_404_CANDIDATE
https://www.tsurilogue.com/ja/groups/join,200,https://www.tsurilogue.com/groups,true,false,3,34,true,SOFT_404_CANDIDATE
https://www.tsurilogue.com/ja/login?next=%2Fgroups,200,https://www.tsurilogue.com/login,true,false,0,15,true,SOFT_404_CANDIDATE
https://www.tsurilogue.com/en/groups,200,https://www.tsurilogue.com/groups,true,false,3,23,true,SOFT_404_CANDIDATE
https://www.tsurilogue.com/en/catches,200,https://www.tsurilogue.com/catches,true,false,2,17,true,SOFT_404_CANDIDATE
https://www.tsurilogue.com/en/ranking,200,https://www.tsurilogue.com/ranking,true,false,2,17,true,SOFT_404_CANDIDATE
https://www.tsurilogue.com/en/post,200,https://www.tsurilogue.com/post,true,false,2,12,true,SOFT_404_CANDIDATE
https://www.tsurilogue.com/en/map,200,https://www.tsurilogue.com/map,true,false,2,17,true,SOFT_404_CANDIDATE
https://www.tsurilogue.com/en/analysis,200,https://www.tsurilogue.com/analysis,true,false,2,17,true,SOFT_404_CANDIDATE
https://www.tsurilogue.com/en/plans,200,https://www.tsurilogue.com/ja/plans,true,false,2,20,false,CANONICAL_NOT_SELF
https://www.tsurilogue.com/en/terms,200,https://www.tsurilogue.com/ja/terms,true,false,6,20,false,CANONICAL_NOT_SELF
https://www.tsurilogue.com/en/privacy,200,https://www.tsurilogue.com/ja/privacy,true,false,6,20,false,CANONICAL_NOT_SELF
https://www.tsurilogue.com/en/media/tag/line%E9%87%A3%E6%9E%9C%E5%85%B1%E6%9C%89,404,https://www.tsurilogue.com/ja,false,false,2,0,false,HTTP_404
https://www.tsurilogue.com/en/media/tag/sns%E9%87%A3%E6%9E%9C%E6%8A%95%E7%A8%BF,404,https://www.tsurilogue.com/ja,false,false,2,0,false,HTTP_404
https://www.tsurilogue.com/en/media/tag/tsurilogue,404,https://www.tsurilogue.com/ja,false,false,4,0,false,HTTP_404
https://www.tsurilogue.com/ja/media/tag/tsurilogue?page=2,200,https://www.tsurilogue.com/ja/media/tag/tsurilogue,false,false,2,102,false,
https://www.tsurilogue.com/en/media/tag/tsurilogue%E4%BD%BF%E3%81%84%E6%96%B9,404,https://www.tsurilogue.com/ja,false,false,2,0,false,HTTP_404
https://www.tsurilogue.com/en/media/tag/%E3%82%A2%E3%83%97%E3%83%AA,404,https://www.tsurilogue.com/ja,false,false,2,0,false,HTTP_404
https://www.tsurilogue.com/en/media/tag/%E3%82%AA%E3%83%B3%E3%83%A9%E3%82%A4%E3%83%B3%E9%87%A3%E3%82%8A%E5%A4%A7%E4%BC%9A,404,https://www.tsurilogue.com/ja,false,false,2,0,false,HTTP_404
https://www.tsurilogue.com/en/media/tag/%E3%82%B0%E3%83%AB%E3%83%BC%E3%83%97,404,https://www.tsurilogue.com/ja,false,false,2,0,false,HTTP_404
https://www.tsurilogue.com/en/media/tag/%E3%83%9C%E3%82%A6%E3%82%BA,404,https://www.tsurilogue.com/ja,false,false,2,0,false,HTTP_404
https://www.tsurilogue.com/en/media/tag/%E5%88%9D%E5%9B%9E%E6%8A%95%E7%A8%BF,404,https://www.tsurilogue.com/ja,false,false,2,0,false,HTTP_404
https://www.tsurilogue.com/en/media/tag/%E5%88%9D%E5%BF%83%E8%80%85%E9%87%A3%E3%82%8A,404,https://www.tsurilogue.com/ja,false,false,2,0,false,HTTP_404
https://www.tsurilogue.com/en/media/tag/%E7%84%A1%E6%96%99%E9%87%A3%E6%9E%9C%E8%A8%98%E9%8C%B2%E3%82%A2%E3%83%97%E3%83%AA,404,https://www.tsurilogue.com/ja,false,false,2,0,false,HTTP_404
https://www.tsurilogue.com/en/media/tag/%E7%B5%90%E6%9E%9C%E7%99%BA%E8%A1%A8,404,https://www.tsurilogue.com/ja,false,false,2,0,false,HTTP_404
https://www.tsurilogue.com/en/media/tag/%E8%88%B9%E5%AE%BF%E9%87%A3%E6%9E%9C%E7%AE%A1%E7%90%86,404,https://www.tsurilogue.com/ja,false,false,2,0,false,HTTP_404
https://www.tsurilogue.com/en/media/tag/%E8%88%B9%E9%95%B7,404,https://www.tsurilogue.com/ja,false,false,2,0,false,HTTP_404
https://www.tsurilogue.com/en/media/tag/%E9%81%8A%E6%BC%81%E8%88%B9,404,https://www.tsurilogue.com/ja,false,false,2,0,false,HTTP_404
https://www.tsurilogue.com/en/media/tag/%E9%87%A3%E3%82%8Asns,404,https://www.tsurilogue.com/ja,false,false,2,0,false,HTTP_404
https://www.tsurilogue.com/en/lp,200,https://www.tsurilogue.com/,true,false,4,26,false,CANONICAL_NOT_SELF
https://www.tsurilogue.com/en/login,200,https://www.tsurilogue.com/login,true,false,6,15,true,SOFT_404_CANDIDATE
https://www.tsurilogue.com/en/ai-report,200,https://www.tsurilogue.com/ai-report,true,false,3,17,true,SOFT_404_CANDIDATE
https://www.tsurilogue.com/en/media/tag/%E9%87%A3%E3%82%8A%E3%83%AD%E3%83%BC%E3%82%B0,404,https://www.tsurilogue.com/ja,false,false,4,0,false,HTTP_404
https://www.tsurilogue.com/ja/media/tag/%E9%87%A3%E3%82%8A%E3%83%AD%E3%83%BC%E3%82%B0?page=2,200,https://www.tsurilogue.com/ja/media/tag/%E9%87%A3%E3%82%8A%E3%83%AD%E3%83%BC%E3%82%B0,false,false,2,102,false,
https://www.tsurilogue.com/en/media/tag/%E9%87%A3%E6%9E%9C%E6%8A%95%E7%A8%BF,404,https://www.tsurilogue.com/ja,false,false,4,0,false,HTTP_404
https://www.tsurilogue.com/ja/media/tag/%E9%87%A3%E6%9E%9C%E6%8A%95%E7%A8%BF?page=2,200,https://www.tsurilogue.com/ja/media/tag/%E9%87%A3%E6%9E%9C%E6%8A%95%E7%A8%BF,false,false,2,102,false,
https://www.tsurilogue.com/en/media/tag/%E9%87%A3%E6%9E%9C%E8%A8%98%E9%8C%B2,404,https://www.tsurilogue.com/ja,false,false,4,0,false,HTTP_404
https://www.tsurilogue.com/ja/media/tag/%E9%87%A3%E6%9E%9C%E8%A8%98%E9%8C%B2?page=2,200,https://www.tsurilogue.com/ja/media/tag/%E9%87%A3%E6%9E%9C%E8%A8%98%E9%8C%B2,false,false,2,102,false,
https://www.tsurilogue.com/en/media/tag/%E9%87%A3%E3%82%8A%E5%A4%A7%E4%BC%9A%E3%83%AB%E3%83%BC%E3%83%AB,404,https://www.tsurilogue.com/ja,false,false,2,0,false,HTTP_404
https://www.tsurilogue.com/en/media/tag/%E9%87%A3%E6%9E%9C%E3%83%A9%E3%83%B3%E3%82%AD%E3%83%B3%E3%82%B0,404,https://www.tsurilogue.com/ja,false,false,2,0,false,HTTP_404
https://www.tsurilogue.com/en/media/tag/%E9%87%A3%E3%82%8A%E5%A4%A7%E4%BC%9A%E3%82%A2%E3%83%97%E3%83%AA,404,https://www.tsurilogue.com/ja,false,false,2,0,false,HTTP_404
https://www.tsurilogue.com/en/media/tag/%E9%87%A3%E6%9E%9C%E5%85%B1%E6%9C%89,404,https://www.tsurilogue.com/ja,false,false,4,0,false,HTTP_404
https://www.tsurilogue.com/ja/media/tag/%E9%87%A3%E6%9E%9C%E5%85%B1%E6%9C%89?page=2,200,https://www.tsurilogue.com/ja/media/tag/%E9%87%A3%E6%9E%9C%E5%85%B1%E6%9C%89,false,false,2,102,false,
https://www.tsurilogue.com/en/media/tag/%E9%87%A3%E6%9E%9C%E5%85%B1%E6%9C%89%E3%82%A2%E3%83%97%E3%83%AA,404,https://www.tsurilogue.com/ja,false,false,2,0,false,HTTP_404
https://www.tsurilogue.com/en/media/tag/%E9%87%A3%E6%9E%9C%E3%83%AD%E3%82%B0,404,https://www.tsurilogue.com/ja,false,false,2,0,false,HTTP_404
https://www.tsurilogue.com/en/media/tag/%E9%87%A3%E6%9E%9C%E6%8A%95%E7%A8%BF%E3%82%A2%E3%83%97%E3%83%AA,404,https://www.tsurilogue.com/ja,false,false,2,0,false,HTTP_404
https://www.tsurilogue.com/en/media/tag/%E9%87%A3%E6%9E%9C%E8%A8%98%E9%8C%B2%E3%82%A2%E3%83%97%E3%83%AA,404,https://www.tsurilogue.com/ja,false,false,2,0,false,HTTP_404
https://www.tsurilogue.com/en/media/tag/%E9%87%A3%E3%82%8A%E3%83%AD%E3%82%B0,404,https://www.tsurilogue.com/ja,false,false,4,0,false,HTTP_404
https://www.tsurilogue.com/ja/media/tag/%E9%87%A3%E3%82%8A%E3%83%AD%E3%82%B0?page=2,200,https://www.tsurilogue.com/ja/media/tag/%E9%87%A3%E3%82%8A%E3%83%AD%E3%82%B0,false,false,2,102,false,
https://www.tsurilogue.com/en/media/tag/%E9%87%A3%E6%9E%9C%E5%86%99%E7%9C%9F,404,https://www.tsurilogue.com/ja,false,false,2,0,false,HTTP_404
https://www.tsurilogue.com/en/media/tag/%E9%87%A3%E3%82%8A%E3%83%8E%E3%83%BC%E3%83%88,404,https://www.tsurilogue.com/ja,false,false,2,0,false,HTTP_404
https://www.tsurilogue.com/en/media/tag/%E9%87%A3%E8%A1%8C%E3%83%A1%E3%83%A2,404,https://www.tsurilogue.com/ja,false,false,2,0,false,HTTP_404
https://www.tsurilogue.com/en/media/tag/%E9%87%A3%E8%A1%8C%E8%A8%98%E9%8C%B2,404,https://www.tsurilogue.com/ja,false,false,2,0,false,HTTP_404
https://www.tsurilogue.com/en/media/tag/%E9%87%A3%E3%82%8A%E6%97%A5%E8%A8%98,404,https://www.tsurilogue.com/ja,false,false,2,0,false,HTTP_404
https://www.tsurilogue.com/en/media/tag/%E9%87%A3%E8%A1%8C%E3%83%AD%E3%82%B0,404,https://www.tsurilogue.com/ja,false,false,2,0,false,HTTP_404
https://www.tsurilogue.com/en/media/tag/%E9%87%A3%E3%82%8A%E5%A4%A7%E4%BC%9A,404,https://www.tsurilogue.com/ja,false,false,4,0,false,HTTP_404
https://www.tsurilogue.com/ja/media/tag/%E9%87%A3%E3%82%8A%E5%A4%A7%E4%BC%9A?page=2,200,https://www.tsurilogue.com/ja/media/tag/%E9%87%A3%E3%82%8A%E5%A4%A7%E4%BC%9A,false,false,2,102,false,
https://www.tsurilogue.com/en/media/tag/%E9%87%A3%E5%85%B7%E5%BA%97,404,https://www.tsurilogue.com/ja,false,false,2,0,false,HTTP_404
https://www.tsurilogue.com/en/media/tag/%E9%87%A3%E3%82%8A%E3%82%B5%E3%83%BC%E3%82%AF%E3%83%AB,404,https://www.tsurilogue.com/ja,false,false,2,0,false,HTTP_404
https://www.tsurilogue.com/en/media/tag/%E9%87%A3%E3%82%8A%E3%83%81%E3%83%BC%E3%83%A0,404,https://www.tsurilogue.com/ja,false,false,2,0,false,HTTP_404
https://www.tsurilogue.com/en/media/tag/%E9%87%A3%E3%82%8A%E3%82%B3%E3%83%9F%E3%83%A5%E3%83%8B%E3%83%86%E3%82%A3,404,https://www.tsurilogue.com/ja,false,false,2,0,false,HTTP_404
https://www.tsurilogue.com/en/media/tag/%E9%87%A3%E3%82%8A%E4%BB%B2%E9%96%93,404,https://www.tsurilogue.com/ja,false,false,2,0,false,HTTP_404
https://www.tsurilogue.com/en/media/tag/%E9%87%A3%E6%9E%9C%E8%A8%98%E9%8C%B2%E9%A0%85%E7%9B%AE,404,https://www.tsurilogue.com/ja,false,false,2,0,false,HTTP_404
https://www.tsurilogue.com/en/media/tag/%E9%87%A3%E3%82%8C%E3%81%AA%E3%81%8B%E3%81%A3%E3%81%9F%E6%97%A5,404,https://www.tsurilogue.com/ja,false,false,2,0,false,HTTP_404
https://www.tsurilogue.com/en/media/tag/%E9%87%A3%E6%9E%9C%E8%A8%98%E9%8C%B2%E5%88%9D%E5%BF%83%E8%80%85,404,https://www.tsurilogue.com/ja,false,false,2,0,false,HTTP_404
https://www.tsurilogue.com/en/media/tag/%E9%87%A3%E6%9E%9C%E3%82%A4%E3%83%99%E3%83%B3%E3%83%88,404,https://www.tsurilogue.com/ja,false,false,2,0,false,HTTP_404
https://www.tsurilogue.com/en/groups/new,200,https://www.tsurilogue.com/groups,true,false,3,17,true,SOFT_404_CANDIDATE
https://www.tsurilogue.com/en/groups/mine,200,https://www.tsurilogue.com/groups,true,false,3,17,true,SOFT_404_CANDIDATE
https://www.tsurilogue.com/en/groups/join,200,https://www.tsurilogue.com/groups,true,false,3,17,true,SOFT_404_CANDIDATE
