url,status,final_url,canonical,canonical_self,indexable
https://www.tsurilogue.com/ja,200,https://www.tsurilogue.com/ja,https://www.tsurilogue.com/ja,true,true
https://www.tsurilogue.com/ja/about,200,https://www.tsurilogue.com/ja/about,https://www.tsurilogue.com/ja/about,true,true
https://www.tsurilogue.com/ja/features,200,https://www.tsurilogue.com/ja/features,https://www.tsurilogue.com/ja/features,true,true
https://www.tsurilogue.com/ja/pricing,200,https://www.tsurilogue.com/ja/pricing,https://www.tsurilogue.com/ja/pricing,true,true
https://www.tsurilogue.com/ja/signup,200,https://www.tsurilogue.com/ja/signup,https://www.tsurilogue.com/ja/signup,true,true
https://www.tsurilogue.com/ja/install,200,https://www.tsurilogue.com/ja/install,https://www.tsurilogue.com/ja/install,true,true
https://www.tsurilogue.com/ja/feedback,200,https://www.tsurilogue.com/ja/feedback,https://www.tsurilogue.com/ja/feedback,true,true
https://www.tsurilogue.com/ja/media,200,https://www.tsurilogue.com/ja/media,https://www.tsurilogue.com/ja/media,true,true
https://www.tsurilogue.com/ja/media/how-to-start-tsurilogue-first-post,200,https://www.tsurilogue.com/ja/media/how-to-start-tsurilogue-first-post,https://www.tsurilogue.com/ja/media/how-to-start-tsurilogue-first-post,true,true
https://www.tsurilogue.com/ja/media/online-fishing-tournament-rules,200,https://www.tsurilogue.com/ja/media/online-fishing-tournament-rules,https://www.tsurilogue.com/ja/media/online-fishing-tournament-rules,true,true
https://www.tsurilogue.com/ja/media/fishing-tournament-app-benefits,200,https://www.tsurilogue.com/ja/media/fishing-tournament-app-benefits,https://www.tsurilogue.com/ja/media/fishing-tournament-app-benefits,true,true
https://www.tsurilogue.com/ja/media/manage-catches-with-fishing-friends,200,https://www.tsurilogue.com/ja/media/manage-catches-with-fishing-friends,https://www.tsurilogue.com/ja/media/manage-catches-with-fishing-friends,true,true
https://www.tsurilogue.com/ja/media/catch-sharing-app-line-sns-difference,200,https://www.tsurilogue.com/ja/media/catch-sharing-app-line-sns-difference,https://www.tsurilogue.com/ja/media/catch-sharing-app-line-sns-difference,true,true
https://www.tsurilogue.com/ja/media/catch-log-app-comparison,200,https://www.tsurilogue.com/ja/media/catch-log-app-comparison,https://www.tsurilogue.com/ja/media/catch-log-app-comparison,true,true
https://www.tsurilogue.com/ja/media/save-fishing-log-before-sns-post,200,https://www.tsurilogue.com/ja/media/save-fishing-log-before-sns-post,https://www.tsurilogue.com/ja/media/save-fishing-log-before-sns-post,true,true
https://www.tsurilogue.com/ja/media/fishing-trip-memo-smartphone,200,https://www.tsurilogue.com/ja/media/fishing-trip-memo-smartphone,https://www.tsurilogue.com/ja/media/fishing-trip-memo-smartphone,true,true
https://www.tsurilogue.com/ja/media/fishing-diary-vs-catch-record,200,https://www.tsurilogue.com/ja/media/fishing-diary-vs-catch-record,https://www.tsurilogue.com/ja/media/fishing-diary-vs-catch-record,true,true
https://www.tsurilogue.com/ja/media/free-catch-record-app-tsurilogue,200,https://www.tsurilogue.com/ja/media/free-catch-record-app-tsurilogue,https://www.tsurilogue.com/ja/media/free-catch-record-app-tsurilogue,true,true
https://www.tsurilogue.com/ja/media/how-to-choose-catch-record-app,200,https://www.tsurilogue.com/ja/media/how-to-choose-catch-record-app,https://www.tsurilogue.com/ja/media/how-to-choose-catch-record-app,true,true
https://www.tsurilogue.com/ja/media/enjoy-fishing-with-tsurilogue,200,https://www.tsurilogue.com/ja/media/enjoy-fishing-with-tsurilogue,https://www.tsurilogue.com/ja/media/enjoy-fishing-with-tsurilogue,true,true
https://www.tsurilogue.com/ja/media/fishing-shop-catch-post-event,200,https://www.tsurilogue.com/ja/media/fishing-shop-catch-post-event,https://www.tsurilogue.com/ja/media/fishing-shop-catch-post-event,true,true
https://www.tsurilogue.com/ja/media/charter-boat-catch-log,200,https://www.tsurilogue.com/ja/media/charter-boat-catch-log,https://www.tsurilogue.com/ja/media/charter-boat-catch-log,true,true
https://www.tsurilogue.com/ja/media/fishing-team-activity-log,200,https://www.tsurilogue.com/ja/media/fishing-team-activity-log,https://www.tsurilogue.com/ja/media/fishing-team-activity-log,true,true
https://www.tsurilogue.com/ja/media/fishing-tournament-results-announcement,200,https://www.tsurilogue.com/ja/media/fishing-tournament-results-announcement,https://www.tsurilogue.com/ja/media/fishing-tournament-results-announcement,true,true
https://www.tsurilogue.com/ja/media/beginner-friendly-fishing-tournament,200,https://www.tsurilogue.com/ja/media/beginner-friendly-fishing-tournament,https://www.tsurilogue.com/ja/media/beginner-friendly-fishing-tournament,true,true
https://www.tsurilogue.com/ja/media/catch-ranking-ideas,200,https://www.tsurilogue.com/ja/media/catch-ranking-ideas,https://www.tsurilogue.com/ja/media/catch-ranking-ideas,true,true
https://www.tsurilogue.com/ja/media/share-your-catch-with-friends,200,https://www.tsurilogue.com/ja/media/share-your-catch-with-friends,https://www.tsurilogue.com/ja/media/share-your-catch-with-friends,true,true
https://www.tsurilogue.com/ja/media/make-fishing-log-a-habit,200,https://www.tsurilogue.com/ja/media/make-fishing-log-a-habit,https://www.tsurilogue.com/ja/media/make-fishing-log-a-habit,true,true
https://www.tsurilogue.com/ja/media/review-catch-records-tsurilogue,200,https://www.tsurilogue.com/ja/media/review-catch-records-tsurilogue,https://www.tsurilogue.com/ja/media/review-catch-records-tsurilogue,true,true
https://www.tsurilogue.com/ja/media/fishing-log-checklist,200,https://www.tsurilogue.com/ja/media/fishing-log-checklist,https://www.tsurilogue.com/ja/media/fishing-log-checklist,true,true
https://www.tsurilogue.com/ja/media/fishing-blank-day-log-tsurilogue,200,https://www.tsurilogue.com/ja/media/fishing-blank-day-log-tsurilogue,https://www.tsurilogue.com/ja/media/fishing-blank-day-log-tsurilogue,true,true
https://www.tsurilogue.com/ja/media/fishing-catch-photo-tips,200,https://www.tsurilogue.com/ja/media/fishing-catch-photo-tips,https://www.tsurilogue.com/ja/media/fishing-catch-photo-tips,true,true
https://www.tsurilogue.com/ja/media/catch-ranking-tsurilogue,200,https://www.tsurilogue.com/ja/media/catch-ranking-tsurilogue,https://www.tsurilogue.com/ja/media/catch-ranking-tsurilogue,true,true
https://www.tsurilogue.com/ja/media/online-fishing-tournament-tsurilogue,200,https://www.tsurilogue.com/ja/media/online-fishing-tournament-tsurilogue,https://www.tsurilogue.com/ja/media/online-fishing-tournament-tsurilogue,true,true
https://www.tsurilogue.com/ja/media/fishing-tournament-rules-checklist,200,https://www.tsurilogue.com/ja/media/fishing-tournament-rules-checklist,https://www.tsurilogue.com/ja/media/fishing-tournament-rules-checklist,true,true
https://www.tsurilogue.com/ja/media/turn-fishing-log-into-tournament,200,https://www.tsurilogue.com/ja/media/turn-fishing-log-into-tournament,https://www.tsurilogue.com/ja/media/turn-fishing-log-into-tournament,true,true
https://www.tsurilogue.com/ja/media/how-to-continue-fishing-log,200,https://www.tsurilogue.com/ja/media/how-to-continue-fishing-log,https://www.tsurilogue.com/ja/media/how-to-continue-fishing-log,true,true
https://www.tsurilogue.com/ja/media/kiroku-kyouyu,200,https://www.tsurilogue.com/ja/media/kiroku-kyouyu,https://www.tsurilogue.com/ja/media/kiroku-kyouyu,true,true
https://www.tsurilogue.com/ja/media/catch-record-app-tsurilogue,200,https://www.tsurilogue.com/ja/media/catch-record-app-tsurilogue,https://www.tsurilogue.com/ja/media/catch-record-app-tsurilogue,true,true
https://www.tsurilogue.com/ja/media/how-to-start-tsurilogue,200,https://www.tsurilogue.com/ja/media/how-to-start-tsurilogue,https://www.tsurilogue.com/ja/media/how-to-start-tsurilogue,true,true
https://www.tsurilogue.com/ja/media/fishing-shop-tournament-tsurilogue,200,https://www.tsurilogue.com/ja/media/fishing-shop-tournament-tsurilogue,https://www.tsurilogue.com/ja/media/fishing-shop-tournament-tsurilogue,true,true
https://www.tsurilogue.com/ja/media/charter-boat-catch-report-tsurilogue,200,https://www.tsurilogue.com/ja/media/charter-boat-catch-report-tsurilogue,https://www.tsurilogue.com/ja/media/charter-boat-catch-report-tsurilogue,true,true
https://www.tsurilogue.com/ja/media/fishing-tournament-organizer-tsurilogue,200,https://www.tsurilogue.com/ja/media/fishing-tournament-organizer-tsurilogue,https://www.tsurilogue.com/ja/media/fishing-tournament-organizer-tsurilogue,true,true
https://www.tsurilogue.com/ja/media/fishing-team-circle-tsurilogue,200,https://www.tsurilogue.com/ja/media/fishing-team-circle-tsurilogue,https://www.tsurilogue.com/ja/media/fishing-team-circle-tsurilogue,true,true
https://www.tsurilogue.com/ja/media/share-catches-with-fishing-friends-tsurilogue,200,https://www.tsurilogue.com/ja/media/share-catches-with-fishing-friends-tsurilogue,https://www.tsurilogue.com/ja/media/share-catches-with-fishing-friends-tsurilogue,true,true
https://www.tsurilogue.com/ja/media/private-fishing-tournament-tsurilogue,200,https://www.tsurilogue.com/ja/media/private-fishing-tournament-tsurilogue,https://www.tsurilogue.com/ja/media/private-fishing-tournament-tsurilogue,true,true
https://www.tsurilogue.com/ja/media/what-you-can-do-with-tsurilogue,200,https://www.tsurilogue.com/ja/media/what-you-can-do-with-tsurilogue,https://www.tsurilogue.com/ja/media/what-you-can-do-with-tsurilogue,true,true
https://www.tsurilogue.com/ja/media/fishing-log-app,200,https://www.tsurilogue.com/ja/media/fishing-log-app,https://www.tsurilogue.com/ja/media/fishing-log-app,true,true
https://www.tsurilogue.com/ja/media/what-is-fishing-log,200,https://www.tsurilogue.com/ja/media/what-is-fishing-log,https://www.tsurilogue.com/ja/media/what-is-fishing-log,true,true
https://www.tsurilogue.com/ja/media/what-is-catch-log,200,https://www.tsurilogue.com/ja/media/what-is-catch-log,https://www.tsurilogue.com/ja/media/what-is-catch-log,true,true
https://www.tsurilogue.com/ja/media/fishing-blank-log,200,https://www.tsurilogue.com/ja/media/fishing-blank-log,https://www.tsurilogue.com/ja/media/fishing-blank-log,true,true
https://www.tsurilogue.com/ja/media/record-caught-fish,200,https://www.tsurilogue.com/ja/media/record-caught-fish,https://www.tsurilogue.com/ja/media/record-caught-fish,true,true
https://www.tsurilogue.com/ja/media/fishing-catch-memo-smartphone,200,https://www.tsurilogue.com/ja/media/fishing-catch-memo-smartphone,https://www.tsurilogue.com/ja/media/fishing-catch-memo-smartphone,true,true
https://www.tsurilogue.com/ja/media/organize-fishing-photos,200,https://www.tsurilogue.com/ja/media/organize-fishing-photos,https://www.tsurilogue.com/ja/media/organize-fishing-photos,true,true
https://www.tsurilogue.com/ja/media/catch-log-items,200,https://www.tsurilogue.com/ja/media/catch-log-items,https://www.tsurilogue.com/ja/media/catch-log-items,true,true
https://www.tsurilogue.com/ja/media/benefits-of-catch-log,200,https://www.tsurilogue.com/ja/media/benefits-of-catch-log,https://www.tsurilogue.com/ja/media/benefits-of-catch-log,true,true
https://www.tsurilogue.com/ja/media/fishing-log-app-items,200,https://www.tsurilogue.com/ja/media/fishing-log-app-items,https://www.tsurilogue.com/ja/media/fishing-log-app-items,true,true
https://www.tsurilogue.com/ja/media/how-to-write-fishing-diary,200,https://www.tsurilogue.com/ja/media/how-to-write-fishing-diary,https://www.tsurilogue.com/ja/media/how-to-write-fishing-diary,true,true
https://www.tsurilogue.com/ja/media/fishing-diary-app,200,https://www.tsurilogue.com/ja/media/fishing-diary-app,https://www.tsurilogue.com/ja/media/fishing-diary-app,true,true
https://www.tsurilogue.com/ja/media/group-catch-management,200,https://www.tsurilogue.com/ja/media/group-catch-management,https://www.tsurilogue.com/ja/media/group-catch-management,true,true
https://www.tsurilogue.com/ja/media/share-catch-with-fishing-friends,200,https://www.tsurilogue.com/ja/media/share-catch-with-fishing-friends,https://www.tsurilogue.com/ja/media/share-catch-with-fishing-friends,true,true
https://www.tsurilogue.com/ja/media/line-catch-sharing,200,https://www.tsurilogue.com/ja/media/line-catch-sharing,https://www.tsurilogue.com/ja/media/line-catch-sharing,true,true
https://www.tsurilogue.com/ja/media/fishing-sns-vs-catch-log-app,200,https://www.tsurilogue.com/ja/media/fishing-sns-vs-catch-log-app,https://www.tsurilogue.com/ja/media/fishing-sns-vs-catch-log-app,true,true
https://www.tsurilogue.com/ja/media/catch-sharing-app,200,https://www.tsurilogue.com/ja/media/catch-sharing-app,https://www.tsurilogue.com/ja/media/catch-sharing-app,true,true
https://www.tsurilogue.com/ja/media/online-fishing-tournament,200,https://www.tsurilogue.com/ja/media/online-fishing-tournament,https://www.tsurilogue.com/ja/media/online-fishing-tournament,true,true
https://www.tsurilogue.com/ja/media/fishing-tournament-app,200,https://www.tsurilogue.com/ja/media/fishing-tournament-app,https://www.tsurilogue.com/ja/media/fishing-tournament-app,true,true
https://www.tsurilogue.com/ja/media/fishing-tournament-guide,200,https://www.tsurilogue.com/ja/media/fishing-tournament-guide,https://www.tsurilogue.com/ja/media/fishing-tournament-guide,true,true
https://www.tsurilogue.com/ja/media/catch-log-template,200,https://www.tsurilogue.com/ja/media/catch-log-template,https://www.tsurilogue.com/ja/media/catch-log-template,true,true
https://www.tsurilogue.com/ja/media/hello-tsurilogue,200,https://www.tsurilogue.com/ja/media/hello-tsurilogue,https://www.tsurilogue.com/ja/media/hello-tsurilogue,true,true
https://www.tsurilogue.com/ja/media/category/%E3%82%B3%E3%83%9F%E3%83%A5%E3%83%8B%E3%83%86%E3%82%A3,200,https://www.tsurilogue.com/ja/media/category/%E3%82%B3%E3%83%9F%E3%83%A5%E3%83%8B%E3%83%86%E3%82%A3,https://www.tsurilogue.com/ja/media/category/%E3%82%B3%E3%83%9F%E3%83%A5%E3%83%8B%E3%83%86%E3%82%A3,true,true
https://www.tsurilogue.com/ja/media/category/%E9%81%8A%E6%BC%81%E8%88%B9%E3%83%BB%E4%BA%8B%E6%A5%AD%E8%80%85%E5%90%91%E3%81%91,200,https://www.tsurilogue.com/ja/media/category/%E9%81%8A%E6%BC%81%E8%88%B9%E3%83%BB%E4%BA%8B%E6%A5%AD%E8%80%85%E5%90%91%E3%81%91,https://www.tsurilogue.com/ja/media/category/%E9%81%8A%E6%BC%81%E8%88%B9%E3%83%BB%E4%BA%8B%E6%A5%AD%E8%80%85%E5%90%91%E3%81%91,true,true
https://www.tsurilogue.com/ja/media/category/%E9%87%A3%E3%82%8A%E3%83%AD%E3%82%B0,200,https://www.tsurilogue.com/ja/media/category/%E9%87%A3%E3%82%8A%E3%83%AD%E3%82%B0,https://www.tsurilogue.com/ja/media/category/%E9%87%A3%E3%82%8A%E3%83%AD%E3%82%B0,true,true
https://www.tsurilogue.com/ja/media/category/%E9%87%A3%E3%82%8A%E4%BB%B2%E9%96%93,200,https://www.tsurilogue.com/ja/media/category/%E9%87%A3%E3%82%8A%E4%BB%B2%E9%96%93,https://www.tsurilogue.com/ja/media/category/%E9%87%A3%E3%82%8A%E4%BB%B2%E9%96%93,true,true
https://www.tsurilogue.com/ja/media/category/%E9%87%A3%E3%82%8A%E5%A4%A7%E4%BC%9A%E3%83%BB%E3%82%A4%E3%83%99%E3%83%B3%E3%83%88,200,https://www.tsurilogue.com/ja/media/category/%E9%87%A3%E3%82%8A%E5%A4%A7%E4%BC%9A%E3%83%BB%E3%82%A4%E3%83%99%E3%83%B3%E3%83%88,https://www.tsurilogue.com/ja/media/category/%E9%87%A3%E3%82%8A%E5%A4%A7%E4%BC%9A%E3%83%BB%E3%82%A4%E3%83%99%E3%83%B3%E3%83%88,true,true
https://www.tsurilogue.com/ja/media/category/%E9%87%A3%E3%82%8A%E6%97%A5%E8%A8%98,200,https://www.tsurilogue.com/ja/media/category/%E9%87%A3%E3%82%8A%E6%97%A5%E8%A8%98,https://www.tsurilogue.com/ja/media/category/%E9%87%A3%E3%82%8A%E6%97%A5%E8%A8%98,true,true
https://www.tsurilogue.com/ja/media/category/%E9%87%A3%E6%9E%9C%E5%85%B1%E6%9C%89,200,https://www.tsurilogue.com/ja/media/category/%E9%87%A3%E6%9E%9C%E5%85%B1%E6%9C%89,https://www.tsurilogue.com/ja/media/category/%E9%87%A3%E6%9E%9C%E5%85%B1%E6%9C%89,true,true
https://www.tsurilogue.com/ja/media/category/%E9%87%A3%E6%9E%9C%E5%86%99%E7%9C%9F,200,https://www.tsurilogue.com/ja/media/category/%E9%87%A3%E6%9E%9C%E5%86%99%E7%9C%9F,https://www.tsurilogue.com/ja/media/category/%E9%87%A3%E6%9E%9C%E5%86%99%E7%9C%9F,true,true
https://www.tsurilogue.com/ja/media/category/record,200,https://www.tsurilogue.com/ja/media/category/record,https://www.tsurilogue.com/ja/media/category/record,true,true
https://www.tsurilogue.com/ja/media/category/%E9%87%A3%E8%A1%8C%E3%83%AD%E3%82%B0,200,https://www.tsurilogue.com/ja/media/category/%E9%87%A3%E8%A1%8C%E3%83%AD%E3%82%B0,https://www.tsurilogue.com/ja/media/category/%E9%87%A3%E8%A1%8C%E3%83%AD%E3%82%B0,true,true
