wordpress_slug,wordpress_url,frontend_url,canonical,sitemap_url,http_status
how-to-start-tsurilogue-first-post,https://www.tsurilogue.com/ja/media/how-to-start-tsurilogue-first-post/,https://www.tsurilogue.com/ja/media/how-to-start-tsurilogue-first-post,https://www.tsurilogue.com/ja/media/how-to-start-tsurilogue-first-post,https://www.tsurilogue.com/ja/media/how-to-start-tsurilogue-first-post,200
online-fishing-tournament-rules,https://www.tsurilogue.com/ja/media/online-fishing-tournament-rules/,https://www.tsurilogue.com/ja/media/online-fishing-tournament-rules,https://www.tsurilogue.com/ja/media/online-fishing-tournament-rules,https://www.tsurilogue.com/ja/media/online-fishing-tournament-rules,200
fishing-tournament-app-benefits,https://www.tsurilogue.com/ja/media/fishing-tournament-app-benefits/,https://www.tsurilogue.com/ja/media/fishing-tournament-app-benefits,https://www.tsurilogue.com/ja/media/fishing-tournament-app-benefits,https://www.tsurilogue.com/ja/media/fishing-tournament-app-benefits,200
manage-catches-with-fishing-friends,https://www.tsurilogue.com/ja/media/manage-catches-with-fishing-friends/,https://www.tsurilogue.com/ja/media/manage-catches-with-fishing-friends,https://www.tsurilogue.com/ja/media/manage-catches-with-fishing-friends,https://www.tsurilogue.com/ja/media/manage-catches-with-fishing-friends,200
catch-sharing-app-line-sns-difference,https://www.tsurilogue.com/ja/media/catch-sharing-app-line-sns-difference/,https://www.tsurilogue.com/ja/media/catch-sharing-app-line-sns-difference,https://www.tsurilogue.com/ja/media/catch-sharing-app-line-sns-difference,https://www.tsurilogue.com/ja/media/catch-sharing-app-line-sns-difference,200
catch-log-app-comparison,https://www.tsurilogue.com/ja/media/catch-log-app-comparison/,https://www.tsurilogue.com/ja/media/catch-log-app-comparison,https://www.tsurilogue.com/ja/media/catch-log-app-comparison,https://www.tsurilogue.com/ja/media/catch-log-app-comparison,200
save-fishing-log-before-sns-post,https://www.tsurilogue.com/ja/media/save-fishing-log-before-sns-post/,https://www.tsurilogue.com/ja/media/save-fishing-log-before-sns-post,https://www.tsurilogue.com/ja/media/save-fishing-log-before-sns-post,https://www.tsurilogue.com/ja/media/save-fishing-log-before-sns-post,200
fishing-trip-memo-smartphone,https://www.tsurilogue.com/ja/media/fishing-trip-memo-smartphone/,https://www.tsurilogue.com/ja/media/fishing-trip-memo-smartphone,https://www.tsurilogue.com/ja/media/fishing-trip-memo-smartphone,https://www.tsurilogue.com/ja/media/fishing-trip-memo-smartphone,200
fishing-diary-vs-catch-record,https://www.tsurilogue.com/ja/media/fishing-diary-vs-catch-record/,https://www.tsurilogue.com/ja/media/fishing-diary-vs-catch-record,https://www.tsurilogue.com/ja/media/fishing-diary-vs-catch-record,https://www.tsurilogue.com/ja/media/fishing-diary-vs-catch-record,200
free-catch-record-app-tsurilogue,https://www.tsurilogue.com/ja/media/free-catch-record-app-tsurilogue/,https://www.tsurilogue.com/ja/media/free-catch-record-app-tsurilogue,https://www.tsurilogue.com/ja/media/free-catch-record-app-tsurilogue,https://www.tsurilogue.com/ja/media/free-catch-record-app-tsurilogue,200
how-to-choose-catch-record-app,https://www.tsurilogue.com/ja/media/how-to-choose-catch-record-app/,https://www.tsurilogue.com/ja/media/how-to-choose-catch-record-app,https://www.tsurilogue.com/ja/media/how-to-choose-catch-record-app,https://www.tsurilogue.com/ja/media/how-to-choose-catch-record-app,200
enjoy-fishing-with-tsurilogue,https://www.tsurilogue.com/ja/media/enjoy-fishing-with-tsurilogue/,https://www.tsurilogue.com/ja/media/enjoy-fishing-with-tsurilogue,https://www.tsurilogue.com/ja/media/enjoy-fishing-with-tsurilogue,https://www.tsurilogue.com/ja/media/enjoy-fishing-with-tsurilogue,200
fishing-shop-catch-post-event,https://www.tsurilogue.com/ja/media/fishing-shop-catch-post-event/,https://www.tsurilogue.com/ja/media/fishing-shop-catch-post-event,https://www.tsurilogue.com/ja/media/fishing-shop-catch-post-event,https://www.tsurilogue.com/ja/media/fishing-shop-catch-post-event,200
charter-boat-catch-log,https://www.tsurilogue.com/ja/media/charter-boat-catch-log/,https://www.tsurilogue.com/ja/media/charter-boat-catch-log,https://www.tsurilogue.com/ja/media/charter-boat-catch-log,https://www.tsurilogue.com/ja/media/charter-boat-catch-log,200
fishing-team-activity-log,https://www.tsurilogue.com/ja/media/fishing-team-activity-log/,https://www.tsurilogue.com/ja/media/fishing-team-activity-log,https://www.tsurilogue.com/ja/media/fishing-team-activity-log,https://www.tsurilogue.com/ja/media/fishing-team-activity-log,200
fishing-tournament-results-announcement,https://www.tsurilogue.com/ja/media/fishing-tournament-results-announcement/,https://www.tsurilogue.com/ja/media/fishing-tournament-results-announcement,https://www.tsurilogue.com/ja/media/fishing-tournament-results-announcement,https://www.tsurilogue.com/ja/media/fishing-tournament-results-announcement,200
beginner-friendly-fishing-tournament,https://www.tsurilogue.com/ja/media/beginner-friendly-fishing-tournament/,https://www.tsurilogue.com/ja/media/beginner-friendly-fishing-tournament,https://www.tsurilogue.com/ja/media/beginner-friendly-fishing-tournament,https://www.tsurilogue.com/ja/media/beginner-friendly-fishing-tournament,200
catch-ranking-ideas,https://www.tsurilogue.com/ja/media/catch-ranking-ideas/,https://www.tsurilogue.com/ja/media/catch-ranking-ideas,https://www.tsurilogue.com/ja/media/catch-ranking-ideas,https://www.tsurilogue.com/ja/media/catch-ranking-ideas,200
share-your-catch-with-friends,https://www.tsurilogue.com/ja/media/share-your-catch-with-friends/,https://www.tsurilogue.com/ja/media/share-your-catch-with-friends,https://www.tsurilogue.com/ja/media/share-your-catch-with-friends,https://www.tsurilogue.com/ja/media/share-your-catch-with-friends,200
make-fishing-log-a-habit,https://www.tsurilogue.com/ja/media/make-fishing-log-a-habit/,https://www.tsurilogue.com/ja/media/make-fishing-log-a-habit,https://www.tsurilogue.com/ja/media/make-fishing-log-a-habit,https://www.tsurilogue.com/ja/media/make-fishing-log-a-habit,200
review-catch-records-tsurilogue,https://www.tsurilogue.com/ja/media/review-catch-records-tsurilogue/,https://www.tsurilogue.com/ja/media/review-catch-records-tsurilogue,https://www.tsurilogue.com/ja/media/review-catch-records-tsurilogue,https://www.tsurilogue.com/ja/media/review-catch-records-tsurilogue,200
fishing-log-checklist,https://www.tsurilogue.com/ja/media/fishing-log-checklist/,https://www.tsurilogue.com/ja/media/fishing-log-checklist,https://www.tsurilogue.com/ja/media/fishing-log-checklist,https://www.tsurilogue.com/ja/media/fishing-log-checklist,200
fishing-blank-day-log-tsurilogue,https://www.tsurilogue.com/ja/media/fishing-blank-day-log-tsurilogue/,https://www.tsurilogue.com/ja/media/fishing-blank-day-log-tsurilogue,https://www.tsurilogue.com/ja/media/fishing-blank-day-log-tsurilogue,https://www.tsurilogue.com/ja/media/fishing-blank-day-log-tsurilogue,200
fishing-catch-photo-tips,https://www.tsurilogue.com/ja/media/fishing-catch-photo-tips/,https://www.tsurilogue.com/ja/media/fishing-catch-photo-tips,https://www.tsurilogue.com/ja/media/fishing-catch-photo-tips,https://www.tsurilogue.com/ja/media/fishing-catch-photo-tips,200
catch-ranking-tsurilogue,https://www.tsurilogue.com/ja/media/catch-ranking-tsurilogue/,https://www.tsurilogue.com/ja/media/catch-ranking-tsurilogue,https://www.tsurilogue.com/ja/media/catch-ranking-tsurilogue,https://www.tsurilogue.com/ja/media/catch-ranking-tsurilogue,200
online-fishing-tournament-tsurilogue,https://www.tsurilogue.com/ja/media/online-fishing-tournament-tsurilogue/,https://www.tsurilogue.com/ja/media/online-fishing-tournament-tsurilogue,https://www.tsurilogue.com/ja/media/online-fishing-tournament-tsurilogue,https://www.tsurilogue.com/ja/media/online-fishing-tournament-tsurilogue,200
fishing-tournament-rules-checklist,https://www.tsurilogue.com/ja/media/fishing-tournament-rules-checklist/,https://www.tsurilogue.com/ja/media/fishing-tournament-rules-checklist,https://www.tsurilogue.com/ja/media/fishing-tournament-rules-checklist,https://www.tsurilogue.com/ja/media/fishing-tournament-rules-checklist,200
turn-fishing-log-into-tournament,https://www.tsurilogue.com/ja/media/turn-fishing-log-into-tournament/,https://www.tsurilogue.com/ja/media/turn-fishing-log-into-tournament,https://www.tsurilogue.com/ja/media/turn-fishing-log-into-tournament,https://www.tsurilogue.com/ja/media/turn-fishing-log-into-tournament,200
how-to-continue-fishing-log,https://www.tsurilogue.com/ja/media/how-to-continue-fishing-log/,https://www.tsurilogue.com/ja/media/how-to-continue-fishing-log,https://www.tsurilogue.com/ja/media/how-to-continue-fishing-log,https://www.tsurilogue.com/ja/media/how-to-continue-fishing-log,200
kiroku-kyouyu,https://www.tsurilogue.com/ja/media/kiroku-kyouyu/,https://www.tsurilogue.com/ja/media/kiroku-kyouyu,https://www.tsurilogue.com/ja/media/kiroku-kyouyu,https://www.tsurilogue.com/ja/media/kiroku-kyouyu,200
catch-record-app-tsurilogue,https://www.tsurilogue.com/ja/media/catch-record-app-tsurilogue/,https://www.tsurilogue.com/ja/media/catch-record-app-tsurilogue,https://www.tsurilogue.com/ja/media/catch-record-app-tsurilogue,https://www.tsurilogue.com/ja/media/catch-record-app-tsurilogue,200
how-to-start-tsurilogue,https://www.tsurilogue.com/ja/media/how-to-start-tsurilogue/,https://www.tsurilogue.com/ja/media/how-to-start-tsurilogue,https://www.tsurilogue.com/ja/media/how-to-start-tsurilogue,https://www.tsurilogue.com/ja/media/how-to-start-tsurilogue,200
fishing-shop-tournament-tsurilogue,https://www.tsurilogue.com/ja/media/fishing-shop-tournament-tsurilogue/,https://www.tsurilogue.com/ja/media/fishing-shop-tournament-tsurilogue,https://www.tsurilogue.com/ja/media/fishing-shop-tournament-tsurilogue,https://www.tsurilogue.com/ja/media/fishing-shop-tournament-tsurilogue,200
charter-boat-catch-report-tsurilogue,https://www.tsurilogue.com/ja/media/charter-boat-catch-report-tsurilogue/,https://www.tsurilogue.com/ja/media/charter-boat-catch-report-tsurilogue,https://www.tsurilogue.com/ja/media/charter-boat-catch-report-tsurilogue,https://www.tsurilogue.com/ja/media/charter-boat-catch-report-tsurilogue,200
fishing-tournament-organizer-tsurilogue,https://www.tsurilogue.com/ja/media/fishing-tournament-organizer-tsurilogue/,https://www.tsurilogue.com/ja/media/fishing-tournament-organizer-tsurilogue,https://www.tsurilogue.com/ja/media/fishing-tournament-organizer-tsurilogue,https://www.tsurilogue.com/ja/media/fishing-tournament-organizer-tsurilogue,200
fishing-team-circle-tsurilogue,https://www.tsurilogue.com/ja/media/fishing-team-circle-tsurilogue/,https://www.tsurilogue.com/ja/media/fishing-team-circle-tsurilogue,https://www.tsurilogue.com/ja/media/fishing-team-circle-tsurilogue,https://www.tsurilogue.com/ja/media/fishing-team-circle-tsurilogue,200
share-catches-with-fishing-friends-tsurilogue,https://www.tsurilogue.com/ja/media/share-catches-with-fishing-friends-tsurilogue/,https://www.tsurilogue.com/ja/media/share-catches-with-fishing-friends-tsurilogue,https://www.tsurilogue.com/ja/media/share-catches-with-fishing-friends-tsurilogue,https://www.tsurilogue.com/ja/media/share-catches-with-fishing-friends-tsurilogue,200
private-fishing-tournament-tsurilogue,https://www.tsurilogue.com/ja/media/private-fishing-tournament-tsurilogue/,https://www.tsurilogue.com/ja/media/private-fishing-tournament-tsurilogue,https://www.tsurilogue.com/ja/media/private-fishing-tournament-tsurilogue,https://www.tsurilogue.com/ja/media/private-fishing-tournament-tsurilogue,200
what-you-can-do-with-tsurilogue,https://www.tsurilogue.com/ja/media/what-you-can-do-with-tsurilogue/,https://www.tsurilogue.com/ja/media/what-you-can-do-with-tsurilogue,https://www.tsurilogue.com/ja/media/what-you-can-do-with-tsurilogue,https://www.tsurilogue.com/ja/media/what-you-can-do-with-tsurilogue,200
fishing-log-app,https://www.tsurilogue.com/ja/media/fishing-log-app/,https://www.tsurilogue.com/ja/media/fishing-log-app,https://www.tsurilogue.com/ja/media/fishing-log-app,https://www.tsurilogue.com/ja/media/fishing-log-app,200
what-is-fishing-log,https://www.tsurilogue.com/ja/media/what-is-fishing-log/,https://www.tsurilogue.com/ja/media/what-is-fishing-log,https://www.tsurilogue.com/ja/media/what-is-fishing-log,https://www.tsurilogue.com/ja/media/what-is-fishing-log,200
what-is-catch-log,https://www.tsurilogue.com/ja/media/what-is-catch-log/,https://www.tsurilogue.com/ja/media/what-is-catch-log,https://www.tsurilogue.com/ja/media/what-is-catch-log,https://www.tsurilogue.com/ja/media/what-is-catch-log,200
fishing-blank-log,https://www.tsurilogue.com/ja/media/fishing-blank-log/,https://www.tsurilogue.com/ja/media/fishing-blank-log,https://www.tsurilogue.com/ja/media/fishing-blank-log,https://www.tsurilogue.com/ja/media/fishing-blank-log,200
record-caught-fish,https://www.tsurilogue.com/ja/media/record-caught-fish/,https://www.tsurilogue.com/ja/media/record-caught-fish,https://www.tsurilogue.com/ja/media/record-caught-fish,https://www.tsurilogue.com/ja/media/record-caught-fish,200
fishing-catch-memo-smartphone,https://www.tsurilogue.com/ja/media/fishing-catch-memo-smartphone/,https://www.tsurilogue.com/ja/media/fishing-catch-memo-smartphone,https://www.tsurilogue.com/ja/media/fishing-catch-memo-smartphone,https://www.tsurilogue.com/ja/media/fishing-catch-memo-smartphone,200
organize-fishing-photos,https://www.tsurilogue.com/ja/media/organize-fishing-photos/,https://www.tsurilogue.com/ja/media/organize-fishing-photos,https://www.tsurilogue.com/ja/media/organize-fishing-photos,https://www.tsurilogue.com/ja/media/organize-fishing-photos,200
catch-log-items,https://www.tsurilogue.com/ja/media/catch-log-items/,https://www.tsurilogue.com/ja/media/catch-log-items,https://www.tsurilogue.com/ja/media/catch-log-items,https://www.tsurilogue.com/ja/media/catch-log-items,200
benefits-of-catch-log,https://www.tsurilogue.com/ja/media/benefits-of-catch-log/,https://www.tsurilogue.com/ja/media/benefits-of-catch-log,https://www.tsurilogue.com/ja/media/benefits-of-catch-log,https://www.tsurilogue.com/ja/media/benefits-of-catch-log,200
fishing-log-app-items,https://www.tsurilogue.com/ja/media/fishing-log-app-items/,https://www.tsurilogue.com/ja/media/fishing-log-app-items,https://www.tsurilogue.com/ja/media/fishing-log-app-items,https://www.tsurilogue.com/ja/media/fishing-log-app-items,200
how-to-write-fishing-diary,https://www.tsurilogue.com/ja/media/how-to-write-fishing-diary/,https://www.tsurilogue.com/ja/media/how-to-write-fishing-diary,https://www.tsurilogue.com/ja/media/how-to-write-fishing-diary,https://www.tsurilogue.com/ja/media/how-to-write-fishing-diary,200
fishing-diary-app,https://www.tsurilogue.com/ja/media/fishing-diary-app/,https://www.tsurilogue.com/ja/media/fishing-diary-app,https://www.tsurilogue.com/ja/media/fishing-diary-app,https://www.tsurilogue.com/ja/media/fishing-diary-app,200
group-catch-management,https://www.tsurilogue.com/ja/media/group-catch-management/,https://www.tsurilogue.com/ja/media/group-catch-management,https://www.tsurilogue.com/ja/media/group-catch-management,https://www.tsurilogue.com/ja/media/group-catch-management,200
share-catch-with-fishing-friends,https://www.tsurilogue.com/ja/media/share-catch-with-fishing-friends/,https://www.tsurilogue.com/ja/media/share-catch-with-fishing-friends,https://www.tsurilogue.com/ja/media/share-catch-with-fishing-friends,https://www.tsurilogue.com/ja/media/share-catch-with-fishing-friends,200
line-catch-sharing,https://www.tsurilogue.com/ja/media/line-catch-sharing/,https://www.tsurilogue.com/ja/media/line-catch-sharing,https://www.tsurilogue.com/ja/media/line-catch-sharing,https://www.tsurilogue.com/ja/media/line-catch-sharing,200
fishing-sns-vs-catch-log-app,https://www.tsurilogue.com/ja/media/fishing-sns-vs-catch-log-app/,https://www.tsurilogue.com/ja/media/fishing-sns-vs-catch-log-app,https://www.tsurilogue.com/ja/media/fishing-sns-vs-catch-log-app,https://www.tsurilogue.com/ja/media/fishing-sns-vs-catch-log-app,200
catch-sharing-app,https://www.tsurilogue.com/ja/media/catch-sharing-app/,https://www.tsurilogue.com/ja/media/catch-sharing-app,https://www.tsurilogue.com/ja/media/catch-sharing-app,https://www.tsurilogue.com/ja/media/catch-sharing-app,200
online-fishing-tournament,https://www.tsurilogue.com/ja/media/online-fishing-tournament/,https://www.tsurilogue.com/ja/media/online-fishing-tournament,https://www.tsurilogue.com/ja/media/online-fishing-tournament,https://www.tsurilogue.com/ja/media/online-fishing-tournament,200
fishing-tournament-app,https://www.tsurilogue.com/ja/media/fishing-tournament-app/,https://www.tsurilogue.com/ja/media/fishing-tournament-app,https://www.tsurilogue.com/ja/media/fishing-tournament-app,https://www.tsurilogue.com/ja/media/fishing-tournament-app,200
fishing-tournament-guide,https://www.tsurilogue.com/ja/media/fishing-tournament-guide/,https://www.tsurilogue.com/ja/media/fishing-tournament-guide,https://www.tsurilogue.com/ja/media/fishing-tournament-guide,https://www.tsurilogue.com/ja/media/fishing-tournament-guide,200
catch-log-template,https://www.tsurilogue.com/ja/media/catch-log-template/,https://www.tsurilogue.com/ja/media/catch-log-template,https://www.tsurilogue.com/ja/media/catch-log-template,https://www.tsurilogue.com/ja/media/catch-log-template,200
hello-tsurilogue,https://www.tsurilogue.com/ja/media/hello-tsurilogue/,https://www.tsurilogue.com/ja/media/hello-tsurilogue,https://www.tsurilogue.com/ja/media/hello-tsurilogue,https://www.tsurilogue.com/ja/media/hello-tsurilogue,200
