url,title,cluster,primary_keyword,secondary_keywords,search_intent,candidate_parent,is_parent,internal_links_in,internal_links_out,notes
https://www.tsurilogue.com/ja/media/how-to-start-tsurilogue-first-post,TSURILOGUEを始めたら最初にやること｜初回投稿までの流れと釣りログ活用術,TSURILOGUEの使い方・事業者向け,TSURILOGUE 使い方,釣りローグ 使い方;初回投稿;遊漁船活用;釣具店活用;チーム利用,TSURILOGUEで何ができるか、最初にどう使えばよいかを知りたい。,https://www.tsurilogue.com/ja/media/how-to-start-tsurilogue-first-post,true,4,2,PARENT_ARTICLE
https://www.tsurilogue.com/ja/media/online-fishing-tournament-rules,オンライン釣り大会で失敗しないルール設計｜TSURILOGUEで釣果投稿を楽しく公平に運営する方法,釣り大会・オンライン釣り大会,オンライン釣り大会,釣り大会アプリ;釣り大会;大会ルール;釣果ランキング;結果発表,スマホで釣り大会を開催・参加・運営する方法を知りたい。,https://www.tsurilogue.com/ja/media/online-fishing-tournament,false,4,5,
https://www.tsurilogue.com/ja/media/fishing-tournament-app-benefits,釣り大会アプリを使うメリット｜集計・ランキング・結果発表をスマホで簡単に,釣り大会・オンライン釣り大会,オンライン釣り大会,釣り大会アプリ;釣り大会;大会ルール;釣果ランキング;結果発表,スマホで釣り大会を開催・参加・運営する方法を知りたい。,https://www.tsurilogue.com/ja/media/online-fishing-tournament,false,5,5,
https://www.tsurilogue.com/ja/media/manage-catches-with-fishing-friends,仲間内の釣果管理を簡単にする方法｜TSURILOGUEで釣果共有をグループの記録に変えよう,釣果共有,釣果共有,釣果共有アプリ;LINE釣果共有;釣りSNS;仲間内共有;グループ管理,仲間と釣果を共有し、後から振り返れる形で残す方法を知りたい。,https://www.tsurilogue.com/ja/media/catch-sharing-app-line-sns-difference,false,4,5,
https://www.tsurilogue.com/ja/media/catch-sharing-app-line-sns-difference,釣果共有アプリでできること｜LINE・SNSとの違いとTSURILOGUEの活用方法,釣果共有,釣果共有,釣果共有アプリ;LINE釣果共有;釣りSNS;仲間内共有;グループ管理,仲間と釣果を共有し、後から振り返れる形で残す方法を知りたい。,https://www.tsurilogue.com/ja/media/catch-sharing-app-line-sns-difference,true,23,21,PARENT_ARTICLE
https://www.tsurilogue.com/ja/media/catch-log-app-comparison,【2026年版】釣果ログ・釣果投稿アプリの選び方｜記録・共有・大会で使えるサービスを比較,釣果ログ・釣果記録,釣果ログ,釣果記録;釣果記録アプリ;釣果投稿アプリ;釣りログ;釣行記録;釣り日記,釣果をスマホで記録し、見返して次の釣行に活かす方法を知りたい。,https://www.tsurilogue.com/ja/media/catch-log-app-comparison,true,14,12,PARENT_ARTICLE
https://www.tsurilogue.com/ja/media/save-fishing-log-before-sns-post,釣りログをSNSに投稿する前に残しておきたいこと｜TSURILOGUEで釣果写真を「流れる投稿」から「残る記録」へ,釣果共有,釣果共有,釣果共有アプリ;LINE釣果共有;釣りSNS;仲間内共有;グループ管理,仲間と釣果を共有し、後から振り返れる形で残す方法を知りたい。,https://www.tsurilogue.com/ja/media/catch-sharing-app-line-sns-difference,false,5,5,
https://www.tsurilogue.com/ja/media/fishing-trip-memo-smartphone,スマホで釣行メモを残すメリット｜紙の釣りノートとの違いとTSURILOGUE活用術,釣果共有,釣果共有,釣果共有アプリ;LINE釣果共有;釣りSNS;仲間内共有;グループ管理,仲間と釣果を共有し、後から振り返れる形で残す方法を知りたい。,https://www.tsurilogue.com/ja/media/catch-sharing-app-line-sns-difference,false,6,5,
https://www.tsurilogue.com/ja/media/fishing-diary-vs-catch-record,釣り日記と釣果記録の違い｜思い出と上達に活かす釣りログの残し方,釣果ログ・釣果記録,釣果ログ,釣果記録;釣果記録アプリ;釣果投稿アプリ;釣りログ;釣行記録;釣り日記,釣果をスマホで記録し、見返して次の釣行に活かす方法を知りたい。,https://www.tsurilogue.com/ja/media/catch-log-app-comparison,false,4,5,
https://www.tsurilogue.com/ja/media/free-catch-record-app-tsurilogue,無料で使える釣果記録アプリを探している人へ｜TSURILOGUEで始める新しい釣りログ習慣,釣果共有,釣果共有,釣果共有アプリ;LINE釣果共有;釣りSNS;仲間内共有;グループ管理,仲間と釣果を共有し、後から振り返れる形で残す方法を知りたい。,https://www.tsurilogue.com/ja/media/catch-sharing-app-line-sns-difference,false,7,5,
https://www.tsurilogue.com/ja/media/how-to-choose-catch-record-app,釣果記録アプリは何を基準に選ぶ？初心者向け比較ポイント｜TSURILOGUEで始める釣りログ習慣,釣果共有,釣果共有,釣果共有アプリ;LINE釣果共有;釣りSNS;仲間内共有;グループ管理,仲間と釣果を共有し、後から振り返れる形で残す方法を知りたい。,https://www.tsurilogue.com/ja/media/catch-sharing-app-line-sns-difference,false,7,5,
https://www.tsurilogue.com/ja/media/enjoy-fishing-with-tsurilogue,TSURILOGUEで釣りをもっと楽しく続ける方法｜釣果記録・共有・大会で広がる新しい釣りログ習慣,釣り大会・オンライン釣り大会,オンライン釣り大会,釣り大会アプリ;釣り大会;大会ルール;釣果ランキング;結果発表,スマホで釣り大会を開催・参加・運営する方法を知りたい。,https://www.tsurilogue.com/ja/media/online-fishing-tournament,false,5,5,
https://www.tsurilogue.com/ja/media/fishing-shop-catch-post-event,釣具店イベントに釣果投稿を活用する方法｜TSURILOGUEで来店促進・常連化・地域コミュニティを作ろう,釣り大会・オンライン釣り大会,オンライン釣り大会,釣り大会アプリ;釣り大会;大会ルール;釣果ランキング;結果発表,スマホで釣り大会を開催・参加・運営する方法を知りたい。,https://www.tsurilogue.com/ja/media/online-fishing-tournament,false,6,5,
https://www.tsurilogue.com/ja/media/charter-boat-catch-log,遊漁船・船長が釣果ログを残すべき理由｜TSURILOGUEで釣果投稿を集客とリピーターづくりに活かそう,TSURILOGUEの使い方・事業者向け,TSURILOGUE 使い方,釣りローグ 使い方;初回投稿;遊漁船活用;釣具店活用;チーム利用,TSURILOGUEで何ができるか、最初にどう使えばよいかを知りたい。,https://www.tsurilogue.com/ja/media/how-to-start-tsurilogue-first-post,false,2,2,
https://www.tsurilogue.com/ja/media/fishing-team-activity-log,釣りチームの活動記録にTSURILOGUEを使うメリット｜仲間内の釣果を残してもっと楽しく共有しよう,釣果共有,釣果共有,釣果共有アプリ;LINE釣果共有;釣りSNS;仲間内共有;グループ管理,仲間と釣果を共有し、後から振り返れる形で残す方法を知りたい。,https://www.tsurilogue.com/ja/media/catch-sharing-app-line-sns-difference,false,5,5,
https://www.tsurilogue.com/ja/media/fishing-tournament-results-announcement,釣り大会の結果発表を盛り上げる方法｜TSURILOGUEで次回も参加したくなるイベントにしよう,釣り大会・オンライン釣り大会,オンライン釣り大会,釣り大会アプリ;釣り大会;大会ルール;釣果ランキング;結果発表,スマホで釣り大会を開催・参加・運営する方法を知りたい。,https://www.tsurilogue.com/ja/media/online-fishing-tournament,false,7,5,
https://www.tsurilogue.com/ja/media/beginner-friendly-fishing-tournament,初心者でも参加しやすい釣り大会の作り方｜TSURILOGUEで気軽に楽しむオンライン釣りイベント,釣り大会・オンライン釣り大会,オンライン釣り大会,釣り大会アプリ;釣り大会;大会ルール;釣果ランキング;結果発表,スマホで釣り大会を開催・参加・運営する方法を知りたい。,https://www.tsurilogue.com/ja/media/online-fishing-tournament,false,5,5,
https://www.tsurilogue.com/ja/media/catch-ranking-ideas,釣果投稿が楽しくなるランキング企画アイデア集｜TSURILOGUEで仲間内の釣りをもっと盛り上げよう,釣り大会・オンライン釣り大会,オンライン釣り大会,釣り大会アプリ;釣り大会;大会ルール;釣果ランキング;結果発表,スマホで釣り大会を開催・参加・運営する方法を知りたい。,https://www.tsurilogue.com/ja/media/online-fishing-tournament,false,5,5,
https://www.tsurilogue.com/ja/media/share-your-catch-with-friends,釣果共有で釣り仲間が増える理由｜TSURILOGUEで「今日釣れた！」をもっと楽しもう,釣果共有,釣果共有,釣果共有アプリ;LINE釣果共有;釣りSNS;仲間内共有;グループ管理,仲間と釣果を共有し、後から振り返れる形で残す方法を知りたい。,https://www.tsurilogue.com/ja/media/catch-sharing-app-line-sns-difference,false,5,5,
https://www.tsurilogue.com/ja/media/make-fishing-log-a-habit,釣りログを習慣化する方法｜釣行後5分でできるTSURILOGUE活用術,釣果共有,釣果共有,釣果共有アプリ;LINE釣果共有;釣りSNS;仲間内共有;グループ管理,仲間と釣果を共有し、後から振り返れる形で残す方法を知りたい。,https://www.tsurilogue.com/ja/media/catch-sharing-app-line-sns-difference,false,5,5,
https://www.tsurilogue.com/ja/media/review-catch-records-tsurilogue,釣果記録を見返すメリット｜TSURILOGUEで過去の釣りログを次の釣行に活かそう,釣果ログ・釣果記録,釣果ログ,釣果記録;釣果記録アプリ;釣果投稿アプリ;釣りログ;釣行記録;釣り日記,釣果をスマホで記録し、見返して次の釣行に活かす方法を知りたい。,https://www.tsurilogue.com/ja/media/catch-log-app-comparison,false,4,5,
https://www.tsurilogue.com/ja/media/fishing-log-checklist,釣りログに何を書く？初心者向け記録項目チェックリスト｜TSURILOGUEで釣果記録を始めよう,釣果共有,釣果共有,釣果共有アプリ;LINE釣果共有;釣りSNS;仲間内共有;グループ管理,仲間と釣果を共有し、後から振り返れる形で残す方法を知りたい。,https://www.tsurilogue.com/ja/media/catch-sharing-app-line-sns-difference,false,5,5,
https://www.tsurilogue.com/ja/media/fishing-blank-day-log-tsurilogue,釣れなかった日も釣りログに残すべき理由｜TSURILOGUEでボウズの日を次の一匹につなげよう,釣果ログ・釣果記録,釣果ログ,釣果記録;釣果記録アプリ;釣果投稿アプリ;釣りログ;釣行記録;釣り日記,釣果をスマホで記録し、見返して次の釣行に活かす方法を知りたい。,https://www.tsurilogue.com/ja/media/catch-log-app-comparison,false,5,5,
https://www.tsurilogue.com/ja/media/fishing-catch-photo-tips,釣果写真を上手に残すコツ｜TSURILOGUEで見返したくなる釣りログを作ろう,釣果共有,釣果共有,釣果共有アプリ;LINE釣果共有;釣りSNS;仲間内共有;グループ管理,仲間と釣果を共有し、後から振り返れる形で残す方法を知りたい。,https://www.tsurilogue.com/ja/media/catch-sharing-app-line-sns-difference,false,5,5,
https://www.tsurilogue.com/ja/media/catch-ranking-tsurilogue,釣果ランキングを作るメリット｜TSURILOGUEで仲間内の釣りをもっと楽しくする方法,釣り大会・オンライン釣り大会,オンライン釣り大会,釣り大会アプリ;釣り大会;大会ルール;釣果ランキング;結果発表,スマホで釣り大会を開催・参加・運営する方法を知りたい。,https://www.tsurilogue.com/ja/media/online-fishing-tournament,false,5,5,
https://www.tsurilogue.com/ja/media/online-fishing-tournament-tsurilogue,オンライン釣り大会の始め方｜TSURILOGUEで離れた仲間とも釣果投稿で盛り上がろう,釣り大会・オンライン釣り大会,オンライン釣り大会,釣り大会アプリ;釣り大会;大会ルール;釣果ランキング;結果発表,スマホで釣り大会を開催・参加・運営する方法を知りたい。,https://www.tsurilogue.com/ja/media/online-fishing-tournament,false,5,5,
https://www.tsurilogue.com/ja/media/fishing-tournament-rules-checklist,釣り大会を開く前に決めるべきルール｜TSURILOGUEで失敗しない大会運営のコツ,釣り大会・オンライン釣り大会,オンライン釣り大会,釣り大会アプリ;釣り大会;大会ルール;釣果ランキング;結果発表,スマホで釣り大会を開催・参加・運営する方法を知りたい。,https://www.tsurilogue.com/ja/media/online-fishing-tournament,false,5,5,
https://www.tsurilogue.com/ja/media/turn-fishing-log-into-tournament,釣りログを大会に変える方法｜TSURILOGUEで釣果記録をもっと楽しく活用しよう,釣り大会・オンライン釣り大会,オンライン釣り大会,釣り大会アプリ;釣り大会;大会ルール;釣果ランキング;結果発表,スマホで釣り大会を開催・参加・運営する方法を知りたい。,https://www.tsurilogue.com/ja/media/online-fishing-tournament,false,5,5,
https://www.tsurilogue.com/ja/media/how-to-continue-fishing-log,釣りログを続けるコツ｜釣果記録が続かない人でも習慣化できる方法,釣果共有,釣果共有,釣果共有アプリ;LINE釣果共有;釣りSNS;仲間内共有;グループ管理,仲間と釣果を共有し、後から振り返れる形で残す方法を知りたい。,https://www.tsurilogue.com/ja/media/catch-sharing-app-line-sns-difference,false,5,5,
https://www.tsurilogue.com/ja/media/kiroku-kyouyu,釣果記録を仲間と共有すると釣りが続く理由｜TSURILOGUEで広がる釣りログの楽しみ方,釣果共有,釣果共有,釣果共有アプリ;LINE釣果共有;釣りSNS;仲間内共有;グループ管理,仲間と釣果を共有し、後から振り返れる形で残す方法を知りたい。,https://www.tsurilogue.com/ja/media/catch-sharing-app-line-sns-difference,false,5,5,
https://www.tsurilogue.com/ja/media/catch-record-app-tsurilogue,釣果記録アプリを使うと釣りはどう変わる？TSURILOGUEで始める新しい釣りログ習慣,釣果共有,釣果共有,釣果共有アプリ;LINE釣果共有;釣りSNS;仲間内共有;グループ管理,仲間と釣果を共有し、後から振り返れる形で残す方法を知りたい。,https://www.tsurilogue.com/ja/media/catch-sharing-app-line-sns-difference,false,5,5,
https://www.tsurilogue.com/ja/media/how-to-start-tsurilogue,釣りローグを始めるならまず何を記録する？初心者向け釣りログの始め方,釣り大会・オンライン釣り大会,オンライン釣り大会,釣り大会アプリ;釣り大会;大会ルール;釣果ランキング;結果発表,スマホで釣り大会を開催・参加・運営する方法を知りたい。,https://www.tsurilogue.com/ja/media/online-fishing-tournament,false,5,5,
https://www.tsurilogue.com/ja/media/fishing-shop-tournament-tsurilogue,釣具店が釣りローグで釣り大会を開催するメリット｜来店促進・常連化・地域コミュニティづくりへ,釣り大会・オンライン釣り大会,オンライン釣り大会,釣り大会アプリ;釣り大会;大会ルール;釣果ランキング;結果発表,スマホで釣り大会を開催・参加・運営する方法を知りたい。,https://www.tsurilogue.com/ja/media/online-fishing-tournament,false,5,5,
https://www.tsurilogue.com/ja/media/charter-boat-catch-report-tsurilogue,遊漁船の釣果投稿に釣りローグを活用する方法｜釣果記録・共有・リピーターづくりへ,TSURILOGUEの使い方・事業者向け,TSURILOGUE 使い方,釣りローグ 使い方;初回投稿;遊漁船活用;釣具店活用;チーム利用,TSURILOGUEで何ができるか、最初にどう使えばよいかを知りたい。,https://www.tsurilogue.com/ja/media/how-to-start-tsurilogue-first-post,false,2,2,
https://www.tsurilogue.com/ja/media/fishing-tournament-organizer-tsurilogue,釣り大会の幹事が楽になる釣りローグ活用術｜告知・投稿・集計・結果発表をスマホで管理,釣り大会・オンライン釣り大会,オンライン釣り大会,釣り大会アプリ;釣り大会;大会ルール;釣果ランキング;結果発表,スマホで釣り大会を開催・参加・運営する方法を知りたい。,https://www.tsurilogue.com/ja/media/online-fishing-tournament,false,5,5,
https://www.tsurilogue.com/ja/media/fishing-team-circle-tsurilogue,釣りサークル・チームで釣りローグを使うメリット｜グループの釣果を楽しく管理する方法,釣り大会・オンライン釣り大会,オンライン釣り大会,釣り大会アプリ;釣り大会;大会ルール;釣果ランキング;結果発表,スマホで釣り大会を開催・参加・運営する方法を知りたい。,https://www.tsurilogue.com/ja/media/online-fishing-tournament,false,5,5,
https://www.tsurilogue.com/ja/media/share-catches-with-fishing-friends-tsurilogue,釣り仲間と釣果共有するなら釣りローグ｜LINEで流れる釣果を残る記録に,釣り大会・オンライン釣り大会,オンライン釣り大会,釣り大会アプリ;釣り大会;大会ルール;釣果ランキング;結果発表,スマホで釣り大会を開催・参加・運営する方法を知りたい。,https://www.tsurilogue.com/ja/media/online-fishing-tournament,false,5,5,
https://www.tsurilogue.com/ja/media/private-fishing-tournament-tsurilogue,仲間内の釣り大会を釣りローグで開く方法｜スマホで楽しむ簡単イベント運営,釣り大会・オンライン釣り大会,オンライン釣り大会,釣り大会アプリ;釣り大会;大会ルール;釣果ランキング;結果発表,スマホで釣り大会を開催・参加・運営する方法を知りたい。,https://www.tsurilogue.com/ja/media/online-fishing-tournament,false,5,5,
https://www.tsurilogue.com/ja/media/what-you-can-do-with-tsurilogue,釣りローグでできること｜釣果記録・共有・釣り大会をひとつに,釣り大会・オンライン釣り大会,オンライン釣り大会,釣り大会アプリ;釣り大会;大会ルール;釣果ランキング;結果発表,スマホで釣り大会を開催・参加・運営する方法を知りたい。,https://www.tsurilogue.com/ja/media/online-fishing-tournament,false,5,5,
https://www.tsurilogue.com/ja/media/fishing-log-app,釣りログアプリの選び方｜釣果記録・釣行メモをスマホで残す方法,釣果ログ・釣果記録,釣果ログ,釣果記録;釣果記録アプリ;釣果投稿アプリ;釣りログ;釣行記録;釣り日記,釣果をスマホで記録し、見返して次の釣行に活かす方法を知りたい。,https://www.tsurilogue.com/ja/media/catch-log-app-comparison,false,7,5,
https://www.tsurilogue.com/ja/media/what-is-fishing-log,釣りログとは？釣果記録・釣行メモを残すメリットと始め方,釣果ログ・釣果記録,釣果ログ,釣果記録;釣果記録アプリ;釣果投稿アプリ;釣りログ;釣行記録;釣り日記,釣果をスマホで記録し、見返して次の釣行に活かす方法を知りたい。,https://www.tsurilogue.com/ja/media/catch-log-app-comparison,false,5,5,
https://www.tsurilogue.com/ja/media/what-is-catch-log,【TSURILOGUE】釣果ログとは？釣りの思い出を資産に変える記録術,釣り大会・オンライン釣り大会,オンライン釣り大会,釣り大会アプリ;釣り大会;大会ルール;釣果ランキング;結果発表,スマホで釣り大会を開催・参加・運営する方法を知りたい。,https://www.tsurilogue.com/ja/media/online-fishing-tournament,false,5,5,
https://www.tsurilogue.com/ja/media/fishing-blank-log,【TSURILOGUE】釣れなかった日こそ記録する価値あり｜ボウズだからこそ残したい情報とは,釣果共有,釣果共有,釣果共有アプリ;LINE釣果共有;釣りSNS;仲間内共有;グループ管理,仲間と釣果を共有し、後から振り返れる形で残す方法を知りたい。,https://www.tsurilogue.com/ja/media/catch-sharing-app-line-sns-difference,false,5,5,
https://www.tsurilogue.com/ja/media/record-caught-fish,【TSURILOGUE】釣れた魚を記録するだけで釣りが楽しくなる理由,釣り大会・オンライン釣り大会,オンライン釣り大会,釣り大会アプリ;釣り大会;大会ルール;釣果ランキング;結果発表,スマホで釣り大会を開催・参加・運営する方法を知りたい。,https://www.tsurilogue.com/ja/media/online-fishing-tournament,false,5,5,
https://www.tsurilogue.com/ja/media/fishing-catch-memo-smartphone,釣果メモはスマホで残す時代｜紙メモとの違いを解説,釣果ログ・釣果記録,釣果ログ,釣果記録;釣果記録アプリ;釣果投稿アプリ;釣りログ;釣行記録;釣り日記,釣果をスマホで記録し、見返して次の釣行に活かす方法を知りたい。,https://www.tsurilogue.com/ja/media/catch-log-app-comparison,false,6,5,
https://www.tsurilogue.com/ja/media/organize-fishing-photos,釣果写真の整理方法｜スマホの写真を釣行ログとして活かすコツ,釣果共有,釣果共有,釣果共有アプリ;LINE釣果共有;釣りSNS;仲間内共有;グループ管理,仲間と釣果を共有し、後から振り返れる形で残す方法を知りたい。,https://www.tsurilogue.com/ja/media/catch-sharing-app-line-sns-difference,false,5,5,
https://www.tsurilogue.com/ja/media/catch-log-items,【TSURILOGUE】釣果記録に残すべき項目一覧｜時間・場所・潮・ルアーをどう残す？,釣果ログ・釣果記録,釣果ログ,釣果記録;釣果記録アプリ;釣果投稿アプリ;釣りログ;釣行記録;釣り日記,釣果をスマホで記録し、見返して次の釣行に活かす方法を知りたい。,https://www.tsurilogue.com/ja/media/catch-log-app-comparison,false,5,5,
https://www.tsurilogue.com/ja/media/benefits-of-catch-log,【TSURILOGUE】釣果記録をつけるメリットとは？釣れる人ほどログを残す理由,釣果共有,釣果共有,釣果共有アプリ;LINE釣果共有;釣りSNS;仲間内共有;グループ管理,仲間と釣果を共有し、後から振り返れる形で残す方法を知りたい。,https://www.tsurilogue.com/ja/media/catch-sharing-app-line-sns-difference,false,5,5,
https://www.tsurilogue.com/ja/media/fishing-log-app-items,【TSURILOGUE】釣行記録アプリで残すべき項目｜釣れた理由を次に活かす方法,釣果ログ・釣果記録,釣果ログ,釣果記録;釣果記録アプリ;釣果投稿アプリ;釣りログ;釣行記録;釣り日記,釣果をスマホで記録し、見返して次の釣行に活かす方法を知りたい。,https://www.tsurilogue.com/ja/media/catch-log-app-comparison,false,5,5,
https://www.tsurilogue.com/ja/media/how-to-write-fishing-diary,釣り日記の書き方｜初心者向けテンプレート付き,釣果ログ・釣果記録,釣果ログ,釣果記録;釣果記録アプリ;釣果投稿アプリ;釣りログ;釣行記録;釣り日記,釣果をスマホで記録し、見返して次の釣行に活かす方法を知りたい。,https://www.tsurilogue.com/ja/media/catch-log-app-comparison,false,5,5,
https://www.tsurilogue.com/ja/media/fishing-diary-app,【TSURILOGUE】釣り日記アプリの選び方｜続けやすい釣行ログの始め方,釣果ログ・釣果記録,釣果ログ,釣果記録;釣果記録アプリ;釣果投稿アプリ;釣りログ;釣行記録;釣り日記,釣果をスマホで記録し、見返して次の釣行に活かす方法を知りたい。,https://www.tsurilogue.com/ja/media/catch-log-app-comparison,false,5,5,
https://www.tsurilogue.com/ja/media/group-catch-management,【TSURILOGUE】グループで釣果を管理する方法｜チーム・仲間内で使える共有術,釣果共有,釣果共有,釣果共有アプリ;LINE釣果共有;釣りSNS;仲間内共有;グループ管理,仲間と釣果を共有し、後から振り返れる形で残す方法を知りたい。,https://www.tsurilogue.com/ja/media/catch-sharing-app-line-sns-difference,false,5,5,
https://www.tsurilogue.com/ja/media/share-catch-with-fishing-friends,【TSURILOGUE】釣り仲間と釣果を共有するメリット｜釣行がもっと楽しくなる理由,釣果共有,釣果共有,釣果共有アプリ;LINE釣果共有;釣りSNS;仲間内共有;グループ管理,仲間と釣果を共有し、後から振り返れる形で残す方法を知りたい。,https://www.tsurilogue.com/ja/media/catch-sharing-app-line-sns-difference,false,5,5,
https://www.tsurilogue.com/ja/media/line-catch-sharing,【TSURILOGUE】LINEで釣果共有するメリット・デメリット｜後から見返せる記録にする方法,釣果共有,釣果共有,釣果共有アプリ;LINE釣果共有;釣りSNS;仲間内共有;グループ管理,仲間と釣果を共有し、後から振り返れる形で残す方法を知りたい。,https://www.tsurilogue.com/ja/media/catch-sharing-app-line-sns-difference,false,5,5,
https://www.tsurilogue.com/ja/media/fishing-sns-vs-catch-log-app,【TSURILOGUE】釣りSNSと釣果記録アプリの違い｜流れる投稿と残るログ,釣果共有,釣果共有,釣果共有アプリ;LINE釣果共有;釣りSNS;仲間内共有;グループ管理,仲間と釣果を共有し、後から振り返れる形で残す方法を知りたい。,https://www.tsurilogue.com/ja/media/catch-sharing-app-line-sns-difference,false,4,4,
https://www.tsurilogue.com/ja/media/catch-sharing-app,【TSURILOGUE】釣果共有アプリの選び方｜仲間と釣りをもっと楽しむ方法,釣果共有,釣果共有,釣果共有アプリ;LINE釣果共有;釣りSNS;仲間内共有;グループ管理,仲間と釣果を共有し、後から振り返れる形で残す方法を知りたい。,https://www.tsurilogue.com/ja/media/catch-sharing-app-line-sns-difference,false,3,3,
https://www.tsurilogue.com/ja/media/online-fishing-tournament,【TSURILOGUE】オンライン釣り大会とは？スマホで楽しむ新しい釣りイベント,釣り大会・オンライン釣り大会,オンライン釣り大会,釣り大会アプリ;釣り大会;大会ルール;釣果ランキング;結果発表,スマホで釣り大会を開催・参加・運営する方法を知りたい。,https://www.tsurilogue.com/ja/media/online-fishing-tournament,true,24,22,PARENT_ARTICLE
https://www.tsurilogue.com/ja/media/fishing-tournament-app,【TSURILOGUE】で釣り大会｜投稿・集計・順位管理をスマホで簡単に,釣り大会・オンライン釣り大会,オンライン釣り大会,釣り大会アプリ;釣り大会;大会ルール;釣果ランキング;結果発表,スマホで釣り大会を開催・参加・運営する方法を知りたい。,https://www.tsurilogue.com/ja/media/online-fishing-tournament,false,4,4,
https://www.tsurilogue.com/ja/media/fishing-tournament-guide,【TSURILOGUE】仲間内で釣り大会を開く方法｜ルール作りから集計まで解説,釣り大会・オンライン釣り大会,オンライン釣り大会,釣り大会アプリ;釣り大会;大会ルール;釣果ランキング;結果発表,スマホで釣り大会を開催・参加・運営する方法を知りたい。,https://www.tsurilogue.com/ja/media/online-fishing-tournament,false,3,3,
https://www.tsurilogue.com/ja/media/catch-log-template,【TSURILOGUE】釣りが上達する上手な釣りログの残し方,釣果ログ・釣果記録,釣果ログ,釣果記録;釣果記録アプリ;釣果投稿アプリ;釣りログ;釣行記録;釣り日記,釣果をスマホで記録し、見返して次の釣行に活かす方法を知りたい。,https://www.tsurilogue.com/ja/media/catch-log-app-comparison,false,4,4,
https://www.tsurilogue.com/ja/media/hello-tsurilogue,【TSURILOGUE】釣果記録アプリの選び方｜釣りが上達するログの残し方,釣果ログ・釣果記録,釣果ログ,釣果記録;釣果記録アプリ;釣果投稿アプリ;釣りログ;釣行記録;釣り日記,釣果をスマホで記録し、見返して次の釣行に活かす方法を知りたい。,https://www.tsurilogue.com/ja/media/catch-log-app-comparison,false,3,3,
